S.no,Instagram name, Name,Subscribers,Audience country,"Authentic engagement
","Engagement average
",Category_1,Category_2,sales_from_marketing
1,cristiano,Cristiano Ronaldo,477.9M,India,5M,6.2M,Sports with a ball,,47790000
2,kyliejenner,Kylie ğŸ¤,368.1M,United States,3.5M,5.5M,Fashion,Modeling,36810000
3,arianagrande,Ariana Grande,329.6M,United States,2.9M,4M,,,32960000
4,leomessi,Leo Messi,358.6M,Indonesia,2.7M,3.5M,Sports with a ball,Family,35860000
5,zendaya,Zendaya,151.1M,United States,4.3M,5.8M,Cinema & Actors/actresses,Fashion,15110000
6,selenagomez,Selena Gomez,344.2M,United States,1.8M,2.4M,Lifestyle,,34420000
7,taylorswift,Taylor Swift,223.5M,Brazil,2.5M,3.3M,,,22350000
8,thv,V,50.8M,South Korea,12.7M,12.7M,,,5080000
9,virat.kohli,Virat Kohli,212.6M,India,2.6M,2.9M,Sports with a ball,,21260000
10,beyonce,BeyonceÌ,274.1M,United States,1.5M,2.1M,Fashion,,27410000
11,kimkardashian,Kim Kardashian,329.8M,United States,1.2M,1.6M,Fashion,Beauty,32980000
12,tomholland2013,Tom Holland,68M,United States,6.3M,7.7M,Cinema & Actors/actresses,,6800000
13,j.m,JIMIN,43.5M,South Korea,11.6M,11.6M,,,4350000
14,billieeilish,BILLIE EILISH,106.2M,United States,3.5M,4.6M,,,10620000
15,lalalalisa_m,LISA,81.7M,Indonesia,5M,5.8M,,,8170000
16,justinbieber,Justin Bieber,256.3M,Brazil,1.3M,1.8M,,,25630000
17,neymarjr,NJ ğŸ‡§ğŸ‡·,178.1M,Brazil,1.5M,2.2M,Sports with a ball,,17810000
18,agustd,SUGA of BTS ë¯¼ìœ¤ê¸°,38.3M,South Korea,9.9M,9.9M,Lifestyle,,3830000
19,sooyaaa__,JISOOğŸ¤,63.8M,Indonesia,4.9M,5.6M,Beauty,,6380000
20,jin,Jin of BTS,39.5M,United States,8.8M,8.8M,,,3950000
21,kendalljenner,Kendall,255.4M,United States,852K,1.3M,Modeling,Fashion,25540000
22,karolg,KAROL G,56.2M,Mexico,5M,6.1M,,,5620000
23,kourtneykardash,Kourtney Kardashian Barker,196.4M,United States,1.2M,1.7M,Lifestyle,,19640000
24,khaby00,Khaby Lame,79.3M,India,2.8M,3.9M,Sports with a ball,,7930000
25,uarmyhope,jhope,39.4M,South Korea,7.8M,7.8M,,,3940000
26,jennierubyjane,J,69.8M,Indonesia,3.7M,4.4M,,,6980000
27,roses_are_rosie,ROSEÌ,62.7M,Indonesia,3.7M,4.3M,,,6270000
28,badbunnypr,,42.8M,United States,3.6M,5.6M,,,4280000
29,milliebobbybrown,Millie Bobby Brown,58.4M,Brazil,3.1M,4M,Cinema & Actors/actresses,,5840000
30,jlo,Jennifer Lopez,220.9M,United States,830.4K,1.1M,Cinema & Actors/actresses,,22090000
31,zayn,Zayn Malik,47M,India,3.1M,4.9M,,,4700000
32,rkive,RM,37.8M,,5.9M,5.9M,Lifestyle,,3780000
33,instagram,Instagram,546.6M,India,285.4K,356.6K,Photography,,54660000
34,bts.bighitofficial,BTS official,67.5M,Indonesia,2.5M,2.7M,,,6750000
35,iamcardib,Cardi B,140.4M,United States,893.8K,1.3M,Fashion,,14040000
36,jungkook.97,ì „ ì •êµ­ ì´ì˜¬ì‹œë‹¤,45.8M,,3.8M,3.8M,,,4580000
37,champagnepapi,champagnepapi,120.2M,United States,877K,1.4M,,,12020000
38,therock,Dwayne Johnson,335.9M,India,375.2K,477.5K,Cinema & Actors/actresses,Fitness & Gym,33590000
39,nickiminaj,Barbie,201.8M,United States,486.1K,765.5K,,,20180000
40,narendramodi,Narendra Modi,69.3M,India,1.8M,2M,Finance & Economics,Business & Careers,6930000
41,kingjames,ğŸ‘‘,131.5M,United States,618.3K,1.1M,Sports with a ball,,13150000
42,khloekardashian,KhloeÌ Kardashian,268.4M,United States,403.1K,499.3K,Clothing & Outfits,Lifestyle,26840000
43,dualipa,DUA LIPA,86.3M,United States,1.2M,1.5M,,,8630000
44,willsmith,Will Smith,63.7M,United States,1.6M,1.9M,Cinema & Actors/actresses,,6370000
45,shawnmendes,Shawn Mendes,70.2M,Brazil,1.2M,1.7M,,,7020000
46,eunwo.o_c,ì°¨ì€ìš°,30.2M,Indonesia,3.2M,3.9M,Lifestyle,,3020000
47,harrystyles,,47.3M,United States,1.7M,2.3M,Fashion,,4730000
48,dlwlrma,á„‹á…µá„Œá…µá„€á…³á†· IU,27.6M,South Korea,3.2M,3.8M,,,2760000
49,actorleeminho,á„‹á…µá„†á…µá†«á„’á…© leeminho,30.7M,Indonesia,2.6M,3.4M,Cinema & Actors/actresses,,3070000
50,noahschnapp,Noah Schnapp,27.5M,Brazil,2.8M,3.7M,Cinema & Actors/actresses,,2750000
51,adele,Adele,50.8M,United States,1.4M,1.9M,,,5080000
52,shraddhakapoor,Shraddha âœ¶,74.4M,India,1.1M,1.3M,Cinema & Actors/actresses,,7440000
53,gigihadid,Gigi Hadid,75.4M,United States,795.5K,1.2M,Modeling,Lifestyle,7540000
54,oliviarodrigo,Olivia Rodrigo,27.8M,India,2.5M,3.1M,Cinema & Actors/actresses,,2780000
55,georginagio,Georgina RodriÌguez,39.1M,India,1.5M,2.1M,Lifestyle,Fashion,3910000
56,katrinakaif,Katrina Kaif,66.6M,India,1.1M,1.2M,Beauty,,6660000
57,haileybieber,Hailey Rhode Baldwin Bieber,47.6M,United States,1.3M,1.7M,Lifestyle,Modeling,4760000
58,k.mbappe,Kylian MbappeÌ,72.6M,France,797.2K,1.1M,Sports with a ball,,7260000
59,blakelively,Blake Lively,35M,United States,1.5M,2.3M,Cinema & Actors/actresses,,3500000
60,anushkasharma,AnushkaSharma1588,59.7M,India,1.2M,1.3M,Cinema & Actors/actresses,,5970000
61,nasa,NASA,82.3M,India,800.4K,961.7K,Science,Photography,8230000
62,handemiyy,Hande ErcÌ§el,28.9M,Turkey,2.1M,2.7M,Cinema & Actors/actresses,,2890000
63,sadiesink_,Sadie Sink,24.6M,Brazil,2.2M,3.1M,Modeling,Lifestyle,2460000
64,ester_exposito,Ester ğŸŒ™,29.2M,Mexico,1.7M,2.5M,Cinema & Actors/actresses,,2920000
65,johnnydepp,Johnny Depp,27.6M,India,1.9M,2.5M,Cinema & Actors/actresses,,2760000
66,chrishemsworth,Chris Hemsworth,56M,India,929.3K,1.2M,Cinema & Actors/actresses,,5600000
67,robertdowneyjr,Robert Downey Jr. Official,53.4M,India,987.5K,1.2M,Cinema & Actors/actresses,,5340000
68,jongsuk0206,ì´ì¢…ì„,23.5M,Indonesia,2.1M,2.8M,Cinema & Actors/actresses,,2350000
69,karimbenzema,Karim Benzema,57.1M,France,798.6K,1.1M,Sports with a ball,,5710000
70,fcbarcelona,FC Barcelona,111.9M,Indonesia,383.8K,585.4K,Sports with a ball,,11190000
71,charlidamelio,charli,49.1M,United States,1.1M,1.3M,Lifestyle,Shows,4910000
72,camila_cabello,camila,65.1M,Brazil,704.3K,956.7K,,,6510000
73,bn_sj2013,á„‡á…¡á†¨á„‰á…¥á„Œá…®á†«,22.7M,Indonesia,2.2M,2.6M,Cinema & Actors/actresses,Modeling,2270000
74,lelepons,Lele Pons,49.4M,Mexico,759.9K,1.2M,,,4940000
75,realmadrid,Real Madrid C.F.,124.6M,Spain,324.4K,450.7K,Sports with a ball,,12460000
76,blackpinkofficial,BLÎ›Æ†KPIĞ˜K,49M,Indonesia,907K,1.1M,,,4900000
77,ddlovato,Demi Lovato,139.2M,United States,302.7K,392K,,,13920000
78,gal_gadot,Gal Gadot,86.4M,United States,485.5K,627.3K,Cinema & Actors/actresses,,8640000
79,dishapatani,disha patani (paatni) ğŸ¦‹,53.6M,India,802.5K,988K,Cinema & Actors/actresses,Lifestyle,5360000
80,niallhoran,Niall Horan,30.5M,United States,1.2M,1.7M,,,3050000
81,rashmika_mandanna,Rashmika Mandanna,33.1M,India,1.3M,1.6M,Beauty,Cinema & Actors/actresses,3310000
82,dojacat,Doja Cat,24.2M,United States,1.5M,2M,,,2420000
83,dovecameron,DOVE,48.3M,United States,767.9K,1M,Cinema & Actors/actresses,,4830000
84,realstraykids,Stray Kids,22.7M,Indonesia,1.7M,2.1M,,,2270000
85,beingsalmankhan,Salman Khan,53.9M,India,690.3K,883.4K,Cinema & Actors/actresses,,5390000
86,ursulolita,UÌrsula CorberoÌ âœ¨,23.7M,Brazil,1.4M,2M,Cinema & Actors/actresses,Modeling,2370000
87,paulodybala,Paulo Dybala,48.6M,Argentina,583.5K,934K,Sports with a ball,,4860000
88,songkang_b,á„‰á…©á†¼á„€á…¡á†¼,14.7M,Mexico,2.2M,3M,,,1470000
89,virginia,Virginia Fonseca Costa,39.2M,Brazil,708.4K,1.1M,Shows,Lifestyle,3920000
90,hardikpandya93,Hardik Himanshu Pandya,23M,India,1.5M,1.9M,Sports with a ball,,2300000
91,jacksonwang852g7,Jackson Wang,30M,China,1.2M,1.4M,,,3000000
92,zacefron,Zac Efron,54.8M,United States,534.4K,774.7K,Cinema & Actors/actresses,,5480000
93,jacquelinef143,Jacqueline Fernandez,63M,India,551.4K,672.1K,Cinema & Actors/actresses,,6300000
94,yawnzzn,YEONJUN,10.7M,India,3M,3.9M,,,1070000
95,oohsehun,SEHUN,23.2M,Indonesia,1.5M,1.8M,,,2320000
96,bellahadid,Bella ğŸ¦‹,54.6M,United States,474.5K,758.9K,Modeling,,5460000
97,kimberly.loaiza,KIM LOAIZA ğŸ–¤,35.8M,Mexico,959.2K,1.2M,Clothing & Outfits,Lifestyle,3580000
98,iamzlatanibrahimovic,Zlatan IbrahimoviÄ‡,55.4M,Italy,481K,740.7K,Sports with a ball,,5540000
99,chrisevans,Chris Evans,17.7M,United States,1.9M,2.3M,Cinema & Actors/actresses,,1770000
100,maluma,MALUMA,62.9M,Italy,413.3K,636.9K,,,6290000
101,aliaabhatt,Alia Bhatt ğŸ¤â˜€ï¸,69.7M,India,452.5K,560K,Cinema & Actors/actresses,,6970000
102,tchalamet,TimotheÌe Chalamet,17.8M,United States,1.3M,2.2M,Cinema & Actors/actresses,,1780000
103,championsleague,UEFA Champions League,97.6M,Brazil,285.7K,389.3K,Sports with a ball,,9760000
104,vindiesel,Vin Diesel,82.7M,Brazil,353.2K,457.4K,Cinema & Actors/actresses,,8270000
105,anitta,Anitta ğŸ¤,63.2M,Brazil,316.2K,590.4K,,,6320000
106,kiaraaliaadvani,KIARA,25M,India,1.2M,1.4M,Cinema & Actors/actresses,,2500000
107,shahidkapoor,Shahid Kapoor,35.7M,India,858K,971.6K,Cinema & Actors/actresses,,3570000
108,davidbeckham,David Beckham,75.1M,India,360.5K,462.3K,Family,Sports with a ball,7510000
109,finnwolfhardofficial,Finn Wolfhard,26.3M,Brazil,1M,1.3M,Cinema & Actors/actresses,,2630000
110,mosalah,Mohamed Salah,52.7M,Egypt,458.8K,650K,Sports with a ball,,5270000
111,priyankachopra,Priyanka,81.8M,India,343.4K,417.3K,Cinema & Actors/actresses,,8180000
112,antonelaroccuzzo,Antonela Roccuzzo,20.2M,Argentina,1M,1.7M,Modeling,Family,2020000
113,tyga,T-Raww,36.5M,United States,628.4K,939.2K,,,3650000
114,hoooooyeony,Hoyeon,22.9M,South Korea,1.1M,1.5M,Lifestyle,,2290000
115,lucas_xx444,LUCAS,11.5M,Indonesia,2.4M,3M,,,1150000
116,mrbeast,MrBeast,19.9M,United States,1.2M,1.7M,Shows,Humor & Fun & Happiness,1990000
117,jenniferaniston,Jennifer Aniston,40.7M,Brazil,554.9K,805.3K,Cinema & Actors/actresses,,4070000
118,iamsrk,Shah Rukh Khan,30.4M,India,863.3K,1.1M,Cinema & Actors/actresses,,3040000
119,kritisanon,Kriti,50.6M,India,547.6K,638.3K,Modeling,,5060000
120,chrisbrownofficial,BREEZY,119.1M,United States,172K,268.2K,,,11910000
121,_rl9,Robert Lewandowski,29.4M,Poland,844.4K,1.1M,Sports with a ball,,2940000
122,deepikapadukone,Deepika Padukone,68.8M,India,342K,446.2K,Cinema & Actors/actresses,,6880000
123,pewdiepie,PewDiePie,21.8M,United States,1.2M,1.4M,Computers & Gadgets,,2180000
124,madelame,Madelaine Petsch,25.2M,Russia,861.2K,1.2M,Cinema & Actors/actresses,,2520000
125,ronaldinho,Ronaldo de Assis Moreira,67.8M,Brazil,256.2K,445.6K,Sports with a ball,,6780000
126,alluarjunonline,Allu Arjun,19.1M,India,1.3M,1.6M,Cinema & Actors/actresses,,1910000
127,rosalia.vt,LA ROSALIÌA,21.9M,Spain,1M,1.4M,,,2190000
128,emrata,Emily Ratajkowski,29.6M,United States,629.9K,1M,Modeling,,2960000
129,addisonraee,Addison Rae,40M,United States,481K,742.2K,Beauty,,4000000
130,433,433,51.6M,Spain,339.4K,563.9K,Sports with a ball,,5160000
131,katyperry,KATY PERRY,171.2M,Brazil,130.5K,168.3K,,,17120000
132,_jeongjaehyun,Jaehyun,12.4M,Indonesia,1.9M,2.3M,,,1240000
133,madisonbeer,Madison Beer,32.4M,United States,588.9K,879.5K,,,3240000
134,marcelotwelve,Marcelo Vieira,58.5M,Spain,325.7K,484.2K,Sports with a ball,,5850000
135,phs1116,ë°•í˜•ì‹ / PARKHYUNGSIK,10.5M,Indonesia,2.2M,2.7M,Business & Careers,,1050000
136,sergioramos,Sergio Ramos,53.1M,Spain,344.1K,527.4K,Sports with a ball,,5310000
137,casemiro,Casemiro,17.4M,Brazil,1.1M,1.6M,Sports with a ball,,1740000
138,emmachamberlain,emma chamberlain,16.1M,United States,1.1M,1.7M,Lifestyle,Shows,1610000
139,luvadepedreiro,Iran Ferreira,18.4M,Brazil,894.2K,1.5M,Family,Sports with a ball,1840000
140,rohittt_09_,ğ‘ğ¨ğ¡ğ¢ğ­ ğ™ğ¢ğ§ğ£ğ®ğ«ğ¤ğ ~ ğ«ğğšğœğ­ğ¢ğ¨ğ§ğ›ğ¨ğ¢ ğŸ’«,24.1M,India,807.5K,1.1M,Shows,Lifestyle,2410000
141,nike,Nike,235.7M,United States,89.7K,116.2K,Fitness & Gym,Shopping & Retail,23570000
142,luisitocomunica,Luisillo El Pillo,32.4M,Mexico,627.1K,828.5K,Humor & Fun & Happiness,Clothing & Outfits,3240000
143,miakhalifa,Mia K.,27.7M,India,605.5K,968.5K,Fitness & Gym,Lifestyle,2770000
144,theweeknd,The Weeknd,42.9M,United States,456.6K,618.7K,,,4290000
145,ladygaga,Lady Gaga,53.3M,United States,351K,492.3K,Cinema & Actors/actresses,,5330000
146,varundvn,VarunDhawan,44.1M,India,484K,589.8K,Cinema & Actors/actresses,,4410000
147,zefelipecantor,ZeÌ,25M,Brazil,591.4K,1M,,,2500000
148,manchesterunited,Manchester United,60.2M,United Kingdom,265.6K,425K,Sports with a ball,,6020000
149,sidhu_moosewala,Sidhu Moosewala (à¨®à©‚à¨¸à©‡ à¨†à¨²à¨¾),11.2M,India,2M,2.4M,Lifestyle,,1120000
150,thedeverakonda,Vijay Deverakonda,17.5M,India,1.2M,1.4M,Cinema & Actors/actresses,,1750000
151,emilia_clarke,,27M,India,733.5K,922.2K,Cinema & Actors/actresses,,2700000
152,elrubiuswtf,el rubius WTF,17.3M,Mexico,1.3M,1.4M,Computers & Gadgets,,1730000
153,hegdepooja,Pooja Hegde,21.3M,India,995.7K,1.1M,Cinema & Actors/actresses,,2130000
154,vinijr,Vinicius Jr. âš¡ï¸ğŸ‡§ğŸ‡·,22.3M,Brazil,610.1K,1.1M,Sports with a ball,Lifestyle,2230000
155,feliciathegoat,"Tyler, The Creator",13.2M,United States,1.1M,1.8M,,,1320000
156,lewishamilton,Lewis Hamilton,29.8M,Brazil,564.5K,810.5K,Racing Sports,,2980000
157,zidane,zidane,33.7M,Spain,524.2K,714K,Sports with a ball,,3370000
158,natgeo,National Geographic,238.3M,United States,78.8K,100.3K,Nature & landscapes,Science,23830000
159,madelyncline,Maddie,12.6M,United States,1.3M,1.9M,Cinema & Actors/actresses,,1260000
160,henrycavill,Henry Cavill,21.7M,Brazil,897K,1.1M,Cinema & Actors/actresses,,2170000
161,theestallion,Megan Thee Stallion,29.8M,United States,451.4K,788.2K,,,2980000
162,saraalikhan95,Sara Ali Khan,41.2M,India,459.9K,561.2K,Cinema & Actors/actresses,,4120000
163,jacobelordi,Jacob Elordi,13.2M,Brazil,1.1M,1.7M,Cinema & Actors/actresses,,1320000
164,bizarrap,BZRP,14.9M,Argentina,1.3M,1.5M,,,1490000
165,leedongwook_official,ì´ë™ìš± (Official_Instagram),14.8M,Indonesia,1.2M,1.6M,Cinema & Actors/actresses,,1480000
166,thenameisyash,Yash,11.2M,India,1.7M,2M,Cinema & Actors/actresses,,1120000
167,hrithikroshan,Hrithik Roshan,43.9M,India,407.5K,515.7K,Cinema & Actors/actresses,,4390000
168,kapilsharma,Kapil Sharma,42.6M,India,463.9K,528.6K,Cinema & Actors/actresses,Shows,4260000
169,shakira,Shakira,76.2M,India,216.5K,296.2K,,,7620000
170,jichangwook,ì§€ì°½ìš±,21.4M,Indonesia,828.3K,1.1M,Cinema & Actors/actresses,,2140000
171,imhyoseop,ì•ˆíš¨ì„­,8.9M,Indonesia,2.2M,2.5M,Lifestyle,,890000
172,norafatehi,Nora Fatehi,42.1M,India,424.4K,522.3K,Cinema & Actors/actresses,Shows,4210000
173,cznburak,Burak OÌˆzdemir,40.4M,Turkey,398.9K,541.9K,Food & Cooking,,4040000
174,na.jaemin0813,JAEMIN,10M,Indonesia,1.8M,2.2M,,,1000000
175,paulpogba,Paul Labile Pogba,55.3M,Brazil,218.3K,388.6K,Sports with a ball,,5530000
176,zkdlin,KAI,14.2M,Indonesia,1.2M,1.5M,,,1420000
177,sabrinacarpenter,Sabrina Carpenter,27.7M,Brazil,631.4K,775.4K,,,2770000
178,nehakakkar,Neha Kakkar (Mrs. Singh),70.8M,India,259.1K,302.5K,,,7080000
179,lanarhoades,Lana Rhoades,16.6M,United States,771.4K,1.3M,Lifestyle,Modeling,1660000
180,jannatzubair29,Jannat Zubair Rahmani,44.1M,India,386.7K,471.2K,Cinema & Actors/actresses,,4410000
181,emmawatson,Emma Watson,67.5M,United States,224.3K,306.2K,Literature & Journalism,Cinema & Actors/actresses,6750000
182,domelipa,domelipa,19.8M,Mexico,850.5K,1M,Lifestyle,,1980000
183,bbrightvc,bright,16.1M,Indonesia,1M,1.3M,Cinema & Actors/actresses,,1610000
184,erling.haaland,Erling Braut Haaland,18.3M,Brazil,722.6K,1.1M,Lifestyle,Sports with a ball,1830000
185,strangerthingstv,Stranger Things Netflix,22.6M,Brazil,649.8K,869.6K,Cinema & Actors/actresses,Shows,2260000
186,bambam1a,BamBam,16.7M,Brazil,917.3K,1.2M,,,1670000
187,vancityreynolds,Ryan Reynolds,45.1M,United States,323.4K,425.5K,Cinema & Actors/actresses,,4510000
188,nina,Nina Dobrev,25.9M,Brazil,512.9K,735.4K,Cinema & Actors/actresses,,2590000
189,iambeckyg,Becky G,33.5M,Mexico,470.3K,566.8K,,,3350000
190,onyourm__ark,Mark,9.3M,Indonesia,1.7M,2.1M,Lifestyle,,930000
191,daddyyankee,Daddy Yankee,46M,Argentina,296.9K,414K,,,4600000
192,jamesrodriguez10,James RodriÌguez,49.9M,Colombia,250K,380.5K,Sports with a ball,,4990000
193,kartikaaryan,KARTIK AARYAN,26M,India,580.4K,721.8K,Cinema & Actors/actresses,,2600000
194,do0_nct,Doyoung,10.5M,Indonesia,1.3M,1.7M,Lifestyle,,1050000
195,twicetagram,TWICE,26.6M,Indonesia,564K,684.3K,Modeling,,2660000
196,m10_official,Mesut OÌˆzil,24.2M,Turkey,539K,758.1K,Sports with a ball,,2420000
197,aurelie.hermansyah,Aurelie Hermansyah Atta,27.1M,Indonesia,528.2K,666.2K,Beauty,,2710000
198,enhypen,ENHYPEN,10.9M,Indonesia,1.2M,1.6M,Lifestyle,,1090000
199,loganpaul,Logan Paul,23.8M,United States,548.2K,731K,Fitness & Gym,,2380000
200,momo,ëª¨ëª¨ (MOMO),8M,Turkey,1.5M,2.2M,Lifestyle,,800000
201,zachking,Zach King,24.5M,Indonesia,455.5K,701.7K,Shows,Humor & Fun & Happiness,2450000
202,akshaykumar,Akshay Kumar,63.1M,India,229.8K,273K,Cinema & Actors/actresses,,6310000
203,iamhalsey,halsey,30.5M,United States,422.7K,556.3K,,,3050000
204,serna_amini,Serna Amini,9.6M,Iran,1.4M,1.8M,,,960000
205,nct,NCT Official Instagram,14.6M,Indonesia,918.3K,1.1M,,,1460000
206,kajalaggarwalofficial,Kajal A Kitchlu,23.5M,India,583K,704.6K,Cinema & Actors/actresses,,2350000
207,tatawerneck,Tata Werneck,54.1M,Brazil,197.1K,306K,Cinema & Actors/actresses,Family,5410000
208,angelrai07,Angel Rai :),22.5M,India,591.4K,712.5K,Cinema & Actors/actresses,,2250000
209,brentrivera,Brent Rivera,22.3M,United States,556K,721.7K,Cinema & Actors/actresses,,2230000
210,taeyeon_ss,TaeYeon,18.8M,South Korea,696.6K,847.1K,,,1880000
211,louist91,Louis Tomlinson,18.5M,Brazil,636.6K,870.9K,,,1850000
212,itzy.all.in.us,ITZY,17.9M,Indonesia,714.5K,873.7K,,,1790000
213,haileesteinfeld,hailee steinfeld,19.6M,United States,626.3K,795.2K,Cinema & Actors/actresses,,1960000
214,iamferv,fer,10.6M,Mexico,994K,1.5M,Lifestyle,,1060000
215,brunomars,Bruno Mars,25.9M,Brazil,397K,601.3K,,,2590000
216,carlinhosmaiaof,Carlinhos MaiağŸŒ»,26.1M,Brazil,326.5K,595.3K,Lifestyle,,2610000
217,taeoxo_nct,TAEYONG,9.6M,Indonesia,1.2M,1.6M,Lifestyle,,960000
218,lilireinhart,Lili Reinhart,28.7M,Brazil,359.9K,532.3K,Cinema & Actors/actresses,,2870000
219,colesprouse,Cole Sprouse,35.9M,United States,324.6K,423.8K,Modeling,,3590000
220,jessicah_o,Jessi / á„Œá…¦á„‰á…µ,12.6M,United States,939.7K,1.2M,,,1260000
221,riaricis1795,RICIS,31.9M,Indonesia,386.5K,472.9K,Lifestyle,,3190000
222,carryminati,ğ‘¨ğ’‹ğ’†ğ’š ğ‘µğ’‚ğ’ˆğ’‚ğ’“,16.1M,India,795.3K,935.8K,Computers & Gadgets,Machinery & Technologies,1610000
223,nayeonyny,ë‚˜ì—° (NAYEON),8.3M,Brazil,1.6M,1.8M,Lifestyle,,830000
224,sydney_sweeney,Sydney Sweeney,14.2M,United States,555.4K,1M,Lifestyle,Cinema & Actors/actresses,1420000
225,thinkaboutzu,ì¯”ìœ„ (TZUYU),8M,India,1.6M,1.9M,,,800000
226,gatenm123,Gaten Matarazzo,18.7M,Brazil,596.8K,788.2K,Cinema & Actors/actresses,Fashion,1870000
227,postmalone,,22.8M,United States,423.2K,647.1K,,,2280000
228,awez_darbar,Awez Darbar,23.1M,India,531.2K,636.5K,Shows,Cinema & Actors/actresses,2310000
229,m.by__sana,ì‚¬ë‚˜ (SANA),7.5M,Yemen,1.7M,2M,Lifestyle,,750000
230,skuukzky,á„‰á…®á†½á„‹á…µ  ğŸ’„ğŸ’…ğŸ‘¡ğŸ‘ ğŸ€ğŸ‘™ğŸŒ‚ğŸ‘—ğŸŒ‚ğŸ€ğŸ’‹ğŸ’Œ,18M,Indonesia,654.8K,807.9K,Clothing & Outfits,,1800000
231,lilbaby,,20.4M,United States,385.5K,711.9K,,,2040000
232,somsomi0309,ENNIK ì „ì†Œë¯¸,15.6M,Indonesia,754.7K,912.5K,,,1560000
233,camimendes,camila mendes,26.9M,Brazil,379.6K,526.3K,Cinema & Actors/actresses,,2690000
234,attahalilintar,Atta Halilintar - PAPATA,24M,Indonesia,430.6K,588K,Shows,,2400000
235,sunnyleone,Sunny Leone,53.5M,India,195.5K,264.7K,Beauty,Cinema & Actors/actresses,5350000
236,justintimberlake,Justin Timberlake,66.1M,United States,157.9K,210.9K,Cinema & Actors/actresses,,6610000
237,riyaz.14,Riyaz Aly,27.4M,India,395K,514K,Lifestyle,,2740000
238,juliette,Juliette,33.4M,Brazil,260.8K,414.5K,Cinema & Actors/actresses,,3340000
239,xxxibgdrgn,á„€á…¯á†«á„Œá…µá„‹á…­á†¼(æ¬Šå¿—é¾),21.3M,Indonesia,504.8K,640K,Photography,Fashion,2130000
240,hyunah_aa,Hyun Ah,18.2M,South Korea,622.1K,737.2K,,,1820000
241,ranveersingh,Ranveer Singh,41.1M,India,247.4K,322K,Cinema & Actors/actresses,Modeling,4110000
242,bretmanrock,Bretman (Da Baddest) Rock,18.5M,United States,424.6K,714.8K,Beauty,,1850000
243,kevinhart4real,Kevin Hart,152.5M,United States,68.9K,87.3K,Cinema & Actors/actresses,,15250000
244,evaluna,Evaluna Montaner de Echeverry,20.7M,Argentina,457.8K,630.7K,Family,,2070000
245,prattprattpratt,Chris Pratt,38.6M,United States,258.4K,338.1K,Cinema & Actors/actresses,,3860000
246,jbalvin,J Balvin,52.8M,Mexico,188.5K,247.5K,,,5280000
247,jairmessiasbolsonaro,Jair M. Bolsonaro,21.3M,Brazil,452.8K,628.9K,Finance & Economics,Business & Careers,2130000
248,britneyspears,Britney Spears,42.2M,United States,222.7K,309.7K,,,4220000
249,janhvikapoor,Janhvi Kapoor,18.5M,India,581.1K,693.3K,Lifestyle,Cinema & Actors/actresses,1850000
250,tinistoessel,LaTripleT,18.6M,Argentina,514.8K,690.5K,,,1860000
251,lukamodric10,Luka Modric,24.8M,Spain,349K,511.3K,Sports with a ball,,2480000
252,anushkasen0408,Anushka Sen,38.6M,India,282.7K,330.3K,Cinema & Actors/actresses,,3860000
253,min9yu_k,ê¹€ë¯¼ê·œ,7.6M,Indonesia,1.4M,1.7M,,,760000
254,keerthysureshofficial,Keerthy Suresh,13.6M,India,805K,921.1K,Beauty,Cinema & Actors/actresses,1360000
255,samoylovaoxana,Samoylova Oxana,15.3M,Russia,603.4K,818.1K,Family,Lifestyle,1530000
256,juandediospantoja,JD PANTOJA ğŸ‡²ğŸ‡½,22.6M,Mexico,479.4K,547.6K,Cinema & Actors/actresses,,2260000
257,sidmalhotra,Sidharth Malhotra,20.6M,India,478.2K,595.5K,Cinema & Actors/actresses,Modeling,2060000
258,avneetkaur_13,Avneet Kaur Official,32.5M,India,308.5K,375.8K,Cinema & Actors/actresses,,3250000
259,garethbale11,Gareth Bale,48.1M,Spain,160.6K,251.8K,Sports with a ball,,4810000
260,yellow_3to3,REN JUN,6.3M,Indonesia,1.6M,2M,Lifestyle,,630000
261,lilyjcollins,Lily Collins,26.9M,United States,300.9K,448K,Cinema & Actors/actresses,,2690000
262,luissuarez9,Luis SuÃ¡rez,44.3M,Brazil,179.9K,269.7K,Sports with a ball,,4430000
263,realbarbarapalvin,Barbara Palvin,18.2M,Russia,483.4K,652.3K,Modeling,Fashion,1820000
264,johnnyjsuh,Johnny Suh,8.8M,Indonesia,1M,1.4M,Lifestyle,,880000
265,lizgillz,Elizabeth Gillies,14.1M,Mexico,578.9K,838.1K,Cinema & Actors/actresses,,1410000
266,fedez,FEDEZ,14.4M,Italy,593K,820.4K,,,1440000
267,keniaos,Kenia Os,13.9M,Mexico,655.1K,851.8K,,,1390000
268,liluzivert,Lil Uzi Vert,16.4M,United States,392.8K,722.9K,,,1640000
269,_zyozyo,JIHYO,6.7M,Indonesia,1.4M,1.8M,Lifestyle,,670000
270,heybiblee,á„‹á…µá„‰á…¥á†¼á„€á…§á†¼,14.5M,Indonesia,598.2K,807.6K,Modeling,,1450000
271,thehughjackman,,30.5M,United States,338.1K,384.4K,Cinema & Actors/actresses,,3050000
272,marvel,Marvel Entertainment,66.4M,United States,148K,175.5K,Cinema & Actors/actresses,Shows,6640000
273,nicki.nicole,,12.5M,Argentina,630K,931.6K,,,1250000
274,yoona__lim,,13.9M,Indonesia,700.1K,837.6K,Cinema & Actors/actresses,,1390000
275,ananyapanday,Ananya ğŸ’›ğŸ’«,23.7M,India,419.7K,490.2K,Cinema & Actors/actresses,,2370000
276,pubity,Pubity,31.8M,United States,249.3K,364.5K,Humor & Fun & Happiness,,3180000
277,mr_faisu_07,FAISAL SHAIKH,28.3M,India,322.9K,411.8K,Modeling,Cinema & Actors/actresses,2830000
278,marshmello,marshmello,29.5M,United States,267.1K,385.9K,,,2950000
279,tigerjackieshroff,Tiger Shroff,35.6M,India,263.7K,321.3K,Cinema & Actors/actresses,,3560000
280,_imyour_joy,Joy,14.2M,Indonesia,670.1K,801K,Lifestyle,,1420000
281,iansomerhalder,iansomerhalder,23.4M,United States,326.2K,487.6K,Cinema & Actors/actresses,,2340000
282,trippieredd,555,13.1M,United States,443.1K,868.9K,,,1310000
283,sachintendulkar,Sachin Tendulkar,35.6M,India,264.2K,316.7K,Sports with a ball,Lifestyle,3560000
284,perrieedwards,Perrie Edwards ğŸ–¤,15.9M,Brazil,456.6K,712.5K,Modeling,,1590000
285,ashishchanchlani,Ashish Chanchlani,14.6M,India,621.8K,760.3K,Cinema & Actors/actresses,,1460000
286,iammichelemorroneofficial,Michele Morrone,15.3M,Brazil,498.4K,714.9K,Lifestyle,Cinema & Actors/actresses,1530000
287,dannapaola,Danna Paola,34.8M,Mexico,216.1K,313.3K,,,3480000
288,bhuvan.bam22,Bhuvan Bam,14.8M,India,594.9K,736.5K,Cinema & Actors/actresses,,1480000
289,cbum,Chris Bumstead,10.1M,United States,646.3K,1.1M,Fitness & Gym,,1010000
290,psg,Paris Saint-Germain,62.4M,Brazil,103.2K,172.2K,Sports with a ball,,6240000
291,mina_sr_my,ë¯¸ë‚˜ (MINA),6.6M,Indonesia,1.4M,1.7M,,,660000
292,marvelstudios,Marvel Studios,38.3M,India,249.5K,279.6K,Cinema & Actors/actresses,,3830000
293,tenlee_1001,TEN_+â€¢10,9.9M,Indonesia,860.9K,1.1M,,,990000
294,mirella,BAD MI âš¡ï¸ MIRELLA,27M,Brazil,188.1K,396.4K,,,2700000
295,greeicy,Greeicy,21.4M,Colombia,371.7K,498.8K,Shows,Cinema & Actors/actresses,2140000
296,winmetawin,Win Metawin O.,14.1M,Philippines,673.6K,761.7K,Lifestyle,,1410000
297,anuel,â€œREAL HASTA LA MUERTEâ€,29.4M,Spain,239.8K,366.5K,,,2940000
298,mont.pantoja,MONT,12.4M,Mexico,717.7K,853.8K,,,1240000
299,alidaei,Ali Daei,9.1M,Iran,722.8K,1.2M,Sports with a ball,,910000
300,jheneaiko,JheneÌ Aiko Efuru Chilombo ğŸ”®,15M,United States,399.5K,700.7K,,,1500000
301,urvashirautela,Urvashi Rautela,54.2M,India,164.4K,194.4K,Cinema & Actors/actresses,,5420000
302,imsebastianstan,Sebastian Stan,9.4M,United States,941.3K,1.1M,Shows,Cinema & Actors/actresses,940000
303,larasilva,Lara Silva âš ï¸,17.4M,Brazil,386.6K,596.8K,Shows,Adult content,1740000
304,brunamarquezine,Bruna Marquezine,43.1M,Brazil,139.5K,242K,Cinema & Actors/actresses,,4310000
305,manurios,Manu Rios,11M,Mexico,553.3K,933K,Shows,,1100000
306,nct127,NCT 127 Official Instagram,14.3M,Indonesia,582.8K,720.4K,,,1430000
307,ross_lynch,Ross Shor Lynch,10.9M,United States,468.5K,935.6K,Cinema & Actors/actresses,,1090000
308,asaprocky,GRIM,15M,United States,405.6K,678.2K,,,1500000
309,maya_hawke,Maya Hawke,10.1M,United States,723.1K,1M,Cinema & Actors/actresses,,1010000
310,nusr_et,Nusr_et#Saltbae,47.7M,Turkey,144.6K,212.8K,Food & Cooking,,4770000
311,neslihanatagul,Neslihan AtaguÌˆl DogÌ†ulu,13.5M,Turkey,608.9K,776.6K,Cinema & Actors/actresses,Modeling,1350000
312,arigameplays,ARIGAMEPLAYS,11.5M,Mexico,727.8K,873.8K,Lifestyle,Cinema & Actors/actresses,1150000
313,hi_sseulgi,ìŠ¬ê¸° Seulgi,12.6M,Indonesia,634.2K,794.9K,Modeling,,1260000
314,whinderssonnunes,Whindersson Nunes,58.8M,Brazil,111.2K,171.9K,Humor & Fun & Happiness,,5880000
315,bellathorne,BELLA,25.4M,United States,232.3K,389.7K,,,2540000
316,nct_dream,NCT DREAM OFFICIAL,10.4M,Indonesia,845K,944K,Modeling,Fashion,1040000
317,burakozcivit,Burak OÌˆzcÌ§ivit,22M,Turkey,371.5K,451.1K,Cinema & Actors/actresses,,2200000
318,luisasonza,LUÃSA SONZA,30.3M,Brazil,205.6K,325.9K,Lifestyle,,3030000
319,xeesoxee,á„’á…¡á†«á„‰á…©á„’á…´,9.7M,Indonesia,784.2K,1M,Lifestyle,,970000
320,wwiinn_7,WINWIN,7.4M,Indonesia,1.1M,1.3M,,,740000
321,paulolondra,Paulo londra,13.7M,Argentina,451K,704.9K,,,1370000
322,sofiacarson,Sofia Carson,20.3M,Brazil,350.6K,475.3K,Cinema & Actors/actresses,,2030000
323,michaelbjordan,Michael B. Jordan,18.7M,United States,310.2K,514.5K,Cinema & Actors/actresses,,1870000
324,hannahstocking,Hannah Stocking,22.7M,United States,297.5K,422.8K,Modeling,,2270000
325,sza,SZA,12.6M,United States,451.5K,763.3K,,,1260000
326,anguscloud,Angus Cloud,8M,United States,720.1K,1.2M,,,800000
327,jy_piece,ìœ ì •ì—°,5.5M,Brazil,1.4M,1.7M,,,550000
328,nba,NBA,70.6M,United States,81.9K,132.6K,Sports with a ball,,7060000
329,auba,Pierre-Emerick Aubameyang,13.3M,United Kingdom,445K,708.6K,Sports with a ball,,1330000
330,kevindebruyne,Kevin De Bruyne,18.9M,United Kingdom,320.3K,495.7K,Sports with a ball,,1890000
331,juanpazurita,Juanpa Zurita,30.3M,Mexico,214.9K,306.1K,Cinema & Actors/actresses,,3030000
332,haechanahceah,HAECHAN,4.6M,Indonesia,1.8M,2M,,,460000
333,chaeyo.0,ì±„ì˜ (CHAEYOUNG),6.9M,Philippines,1.2M,1.4M,Lifestyle,,690000
334,aron.piper,ARONğŸŒœğŸŒ,13.6M,Brazil,356.4K,671.5K,Lifestyle,,1360000
335,hassan_reyvandi,hasan reyvandi Ø­Ø³Ù† Ø±ÛŒÙˆÙ†Ø¯ÛŒ,19.7M,Iran,337.9K,466.9K,Cinema & Actors/actresses,Humor & Fun & Happiness,1970000
336,aespa_official,aespa á„‹á…¦á„‰á…³á„‘á…¡,9.5M,Indonesia,674.8K,970.4K,,,950000
337,rohitsharma45,Rohit Sharma,24.9M,India,324.4K,366.3K,Sports with a ball,Lifestyle,2490000
338,belindapop,Beli,15.6M,Mexico,405.6K,581.1K,,,1560000
339,dahhyunnee,ë‹¤í˜„ (DAHYUN),6.3M,Brazil,1.3M,1.5M,,,630000
340,shaq,DR. SHAQUILLE O'NEAL Ed.D.,26.7M,United States,258.1K,338.5K,Humor & Fun & Happiness,Sports with a ball,2670000
341,kimjuncotton,SUHO,10.3M,Indonesia,732.4K,873.7K,Lifestyle,,1030000
342,thenotoriousmma,Conor McGregor Official,46.1M,United States,134.4K,194.9K,Fitness & Gym,,4610000
343,bighit_ent,BigHit Music Updates,12.9M,Indonesia,564K,694.9K,,,1290000
344,rauwalejandro,RAULEETO,15.1M,Spain,411.1K,596.2K,,,1510000
345,klrahul,KL RahulğŸ‘‘,13M,India,538K,687.1K,Sports with a ball,,1300000
346,duki,Ya Supiste,10.6M,Argentina,541.7K,833.9K,,,1060000
347,sophiet,S O P H I E T U R N E R,14.7M,United States,445.6K,599.1K,Cinema & Actors/actresses,,1470000
348,chiaraferragni,Chiara Ferragni âœ¨,27.8M,Italy,189.8K,315.2K,Beauty,,2780000
349,toni.kr8s,Toni Kroos,35.1M,Germany,184K,249.9K,Sports with a ball,,3510000
350,sureshraina3,Suresh Raina,21M,India,369.3K,416.6K,Modeling,,2100000
351,duki,Ya Supiste,10.6M,Argentina,541.7K,833.9K,,,1060000
352,sophiet,S O P H I E T U R N E R,14.7M,United States,445.6K,599.1K,Cinema & Actors/actresses,,1470000
353,michelleobama,Michelle Obama,50.8M,United States,156.1K,174.6K,Finance & Economics,Business & Careers,5080000
354,chiaraferragni,Chiara Ferragni âœ¨,27.8M,Italy,189.8K,315.2K,Beauty,,2780000
355,toni.kr8s,Toni Kroos,35.1M,Germany,184K,249.9K,Sports with a ball,,3510000
356,sureshraina3,Suresh Raina,21M,India,369.3K,416.6K,Modeling,,2100000
357,ratantata,Ratan Tata,6.8M,India,1.1M,1.3M,Business & Careers,,680000
358,charles_leclerc,Charles Leclerc,8.7M,Italy,763.7K,1M,Racing Sports,,870000
359,alexandradaddario,alexandra daddario,22.5M,India,313.1K,382.6K,Cinema & Actors/actresses,,2250000
360,m_kayoung,MUN KA YOUNG,8.6M,Indonesia,765.1K,1M,Cinema & Actors/actresses,,860000
361,joeyking,Joey King,19.1M,Brazil,313.9K,449.3K,Cinema & Actors/actresses,Modeling,1910000
362,stephencurry30,Wardell Curry,45.9M,United States,140K,187.3K,Sports with a ball,Family,4590000
363,houseofhighlights,House of Highlights,36.1M,United States,130K,238.1K,Sports with a ball,,3610000
364,lizasoberano,Liza Soberano,17.5M,Philippines,410.3K,489.4K,Beauty,Cinema & Actors/actresses,1750000
365,jadepicon,JADE ğŸŒª,20.9M,Brazil,187.7K,412.9K,Modeling,Fashion,2090000
366,wow_kimsohyun,á„€á…µá†·á„‰á…©á„’á…§á†«,12.4M,Indonesia,592.1K,681.2K,Cinema & Actors/actresses,Modeling,1240000
367,todayis_wendy,Wendy,7.1M,Indonesia,992K,1.2M,Lifestyle,,710000
368,caradelevingne,Cara Delevingne,42.8M,United States,137.4K,192.7K,Modeling,Cinema & Actors/actresses,4280000
369,c.syresmith,Jaden Smith,19.2M,United States,275.4K,426.2K,Cinema & Actors/actresses,Lifestyle,1920000
370,darshanravaldz,Darshan Raval #BaarishonMein,15.3M,India,438.6K,529.9K,,,1530000
371,eminem,Marshall Mathers,36.5M,Iran,171.4K,221.2K,Cinema & Actors/actresses,,3650000
372,lildurk,DURKIOOO,14.2M,United States,203.2K,573K,,,1420000
373,khabib_nurmagomedov,Ğ¥Ğ°Ğ±Ğ¸Ğ± ĞÑƒÑ€Ğ¼Ğ°Ğ³Ğ¾Ğ¼ĞµĞ´Ğ¾Ğ²,33.6M,Russia,168K,235.8K,Fitness & Gym,,3360000
374,barackobama,Barack Obama,35.4M,United States,191.2K,225.1K,Finance & Economics,Business & Careers,3540000
375,liltjay,TJAYYYY ğŸ–¤,7.6M,United States,575.8K,1.1M,Lifestyle,,760000
376,9gag,9GAG: Go Fun The World,58.1M,Indonesia,105.2K,134.6K,Humor & Fun & Happiness,,5810000
377,fabriziorom,Fabrizio Romano,10.7M,Italy,418.5K,724.5K,Literature & Journalism,Shows,1070000
378,ksi,KSI,12.1M,United Kingdom,459.5K,645.3K,,,1210000
379,nattinatasha,NATTI NATASHA,35.9M,Mexico,179.2K,215K,Cinema & Actors/actresses,,3590000
380,andressasuita,Andressa Suita,15.8M,Brazil,296.2K,491.3K,Modeling,,1580000
381,_mariahwasa,HWASA,8.3M,Brazil,725.7K,936.4K,,,830000
382,lestykejora,Lestikejora,25.9M,Indonesia,230.3K,298.5K,,,2590000
383,lilyachty,C.V T,10.4M,United States,363.1K,740.1K,Humor & Fun & Happiness,Lifestyle,1040000
384,nba_youngboy,PAIN REAL.ğŸ©¸,10.6M,United States,387.5K,749.8K,,,1060000
385,ssinz7,ë°•ì‹ í˜œ/Shin Hye Park,13.8M,Indonesia,449.9K,552.8K,Cinema & Actors/actresses,,1380000
386,dntlrdl,CHOIWOOSHIK,6.9M,Indonesia,850.6K,1.1M,Lifestyle,,690000
387,wizkidayo,BIG WIZğŸ¦…,15.2M,Nigeria,264.7K,513.9K,,,1520000
388,alfinetei,Alfinetadas Dos Famosos ğŸ“Œ,21.8M,Brazil,155.2K,348.8K,Humor & Fun & Happiness,,2180000
389,gianlucavacchi,Gianluca Vacchi,22.5M,Brazil,216.3K,332.7K,Lifestyle,,2250000
390,yuu_taa_1026,YUTA æ‚ å¤ª,8.5M,Indonesia,684K,895.7K,,,850000
391,kunaguero,Sergio Leonel AguÌˆero,23.8M,Argentina,181.6K,314.1K,Sports with a ball,,2380000
392,prillylatuconsina96,Prilly Latuconsina,49.2M,Indonesia,107.8K,151.7K,Cinema & Actors/actresses,,4920000
393,kjapa,KJ Apa,18.5M,United States,279.8K,399.8K,Cinema & Actors/actresses,,1850000
394,weareone.exo,EXO Official,10M,Indonesia,602.4K,756.4K,,,1000000
395,alissaviolet,Alissa Violet,11.7M,United States,387.1K,622.8K,Modeling,,1170000
396,shehnaazgill,Shehnaaz Gill,11.8M,India,527.6K,657.8K,Cinema & Actors/actresses,,1180000
397,clean_0828,á„€á…µá†·á„‰á…¦á„Œá…¥á†¼,8.3M,Indonesia,712.4K,888.3K,Lifestyle,,830000
398,hshq,Harry Styles HQ,6.6M,United States,638.5K,1.1M,Cinema & Actors/actresses,Fashion,660000
399,deiveleonardo,Deive Leonardo,12.1M,Brazil,330.3K,608.1K,Literature & Journalism,Trainers & Coaches,1210000
400,markruffalo,Mark Ruffalo,20.9M,Brazil,276.4K,348.1K,Cinema & Actors/actresses,,2090000
401,premierleague,Premier League,59.2M,United Kingdom,83.7K,121.9K,Sports with a ball,,5920000
402,txt_bighit,TOMORROW X TOGETHER OFFICIAL,12.8M,Indonesia,443.9K,560.3K,,,1280000
403,nickyjam,NICKY JAM,43.4M,Spain,120.3K,166.4K,,,4340000
404,lilnasx,MONTERO,12.4M,United States,344.6K,576.5K,,,1240000
405,yasmine_sabri,Yasmine Sabri,19.6M,Egypt,262.9K,368.8K,Cinema & Actors/actresses,Lifestyle,1960000
406,taina,TainaÌ Costa,16.1M,Brazil,212.9K,444.8K,,,1610000
407,anyataylorjoy,Anya Taylor-Joy,9.1M,United States,554.7K,799.5K,Modeling,Cinema & Actors/actresses,910000
408,bellapoarch,Bella Poarch,14M,United States,379.3K,512.8K,Lifestyle,,1400000
409,frenkiedejong,Frenkie de Jong,10.8M,Spain,443.8K,667K,Sports with a ball,,1080000
410,abdevilliers17,AB de Villiers,18.8M,India,328.3K,378.8K,Sports with a ball,Lifestyle,1880000
411,conangray,Conan Gray,6.8M,Brazil,713K,1.1M,,,680000
412,mariabecerra,Maria Becerra,10.4M,Argentina,289.2K,683K,,,1040000
413,annakendrick47,Anna Kendrick,22.2M,United States,244.3K,319.3K,Cinema & Actors/actresses,,2220000
414,jinyoung_0922jy,ë°•ì§„ì˜,9.9M,Indonesia,544.8K,720.5K,,,990000
415,o.dembele7,Ousmane DembÃ©lÃ©,11.5M,Spain,358.5K,613.2K,Sports with a ball,,1150000
416,alwaysramcharan,Ram Charan,8.3M,India,766.5K,858.3K,Cinema & Actors/actresses,,830000
417,krisjenner,Kris Jenner,49.9M,United States,92.1K,140K,Shows,Beauty,4990000
418,larissamanoela,Larissa Manoela,46.8M,Brazil,90.1K,149.6K,Cinema & Actors/actresses,,4680000
419,demetozdemir,Demet OÌˆzdemir,15.4M,India,357.8K,456.6K,Cinema & Actors/actresses,,1540000
420,melo,LaMelo Ball,9.2M,United States,377.5K,767.4K,Lifestyle,Sports with a ball,920000
421,dqsalmaan,Dulquer Salmaan,11.1M,India,462.4K,625.8K,Cinema & Actors/actresses,,1110000
422,kehlani,Kehlani,14.2M,United States,314.8K,490.5K,Family,,1420000
423,_seorina,á„‰á…¥á†¯á„‹á…µá†«á„‹á…¡ sá´‡á´Ê€ÉªÉ´á´€,6.6M,South Korea,858.3K,1.1M,Lifestyle,Cinema & Actors/actresses,660000
424,anupamaparameswaran96,Anupama Parameswaran,12.5M,India,485K,554.8K,Cinema & Actors/actresses,,1250000
425,marktuan,Mark Tuan,12.9M,Indonesia,423.5K,534.4K,Cinema & Actors/actresses,Modeling,1290000
426,evcenf,Fahriye Evcen OÌˆzcÌ§ivit,13.1M,Turkey,418.9K,528.8K,Lifestyle,Beauty,1310000
427,yejinhand,ì†ì˜ˆì§„,7.1M,Indonesia,757.9K,986.8K,Cinema & Actors/actresses,,710000
428,barbieferreira,barbie ferreira,6.3M,United States,609.4K,1.1M,Cinema & Actors/actresses,,630000
429,mingue.k,ê¹€ë¯¼ê·œ,6.1M,Indonesia,926.1K,1.1M,Lifestyle,,610000
430,frenchmontana,French Montana,31M,United States,134.3K,221.2K,,,3100000
431,sadiomaneofficiel,Sadio Mane,12.1M,United Kingdom,390.4K,556.4K,Sports with a ball,,1210000
432,shaymitchell,Shay Mitchell,34.3M,United States,140.1K,196.4K,Beauty,Family,3430000
433,peytonlist,Peyton List,20.2M,United States,221.2K,332.5K,Cinema & Actors/actresses,,2020000
434,dixiedamelio,dixie,24.8M,United States,184.7K,270.7K,Clothing & Outfits,,2480000
435,alok,Alok,27.8M,Brazil,188.8K,241.5K,,,2780000
436,yaocabrera,Yao Cabrera,16.5M,Argentina,187.4K,406.8K,,,1650000
437,amandacerny,Amanda ğ•®ğ–Šğ–—ğ–“ğ–,23.7M,India,175.5K,281.4K,Humor & Fun & Happiness,,2370000
438,parineetichopra,ğ™¿ğšŠğš›ğš’ğš—ğšğšğšğš’ ğ™²ğš‘ğš˜ğš™ğš›ğšŠ ğŸ«§,37.7M,India,153.5K,177.3K,Cinema & Actors/actresses,,3770000
439,gururandhawa,Guru Randhawa,32.9M,India,166.4K,204.5K,,,3290000
440,chelseafc,Chelsea FC,35.6M,Indonesia,125K,186.9K,Sports with a ball,,3560000
441,layzhang,Lay Zhang,14.2M,Indonesia,446.1K,472.5K,,,1420000
442,maisa,#NAME?,44.8M,Brazil,108.9K,148.4K,,,4480000
443,wi__wi__wi,á„‹á…±á„’á…¡á„Œá…®á†« Wi Ha Jun,10M,South Korea,556.9K,670K,Lifestyle,,1000000
444,madhuridixitnene,Madhuri Dixit,32.7M,India,173K,200.4K,Cinema & Actors/actresses,,3270000
445,jakepaul,Jake Paul,20.6M,United States,190.4K,320.4K,Cinema & Actors/actresses,,2060000
446,mathildtantot,Mathilde,10.1M,United States,424.6K,642.6K,Lifestyle,Modeling,1010000
447,for_everyoung10,ì¥ì›ì˜ WONYOUNG,5.8M,Indonesia,902.9K,1.1M,Lifestyle,,580000
448,leaelui,Lea Elui G,11.4M,India,337.5K,567.2K,Modeling,Lifestyle,1140000
449,miguel.g.herran,Miguel HerraÌn,13.8M,Brazil,309.5K,465.7K,Cinema & Actors/actresses,,1380000
450,iscoalarcon,Isco Alarcon Suarez,25.4M,Spain,175.3K,253.7K,Sports with a ball,,2540000
451,jakepaul,Jake Paul,20.6M,United States,190.4K,320.4K,Cinema & Actors/actresses,,2060000
452,mathildtantot,Mathilde,10.1M,United States,424.6K,642.6K,Lifestyle,Modeling,1010000
453,leaelui,Lea Elui G,11.4M,India,337.5K,567.2K,Modeling,Lifestyle,1140000
454,miguel.g.herran,Miguel HerraÌn,13.8M,Brazil,309.5K,465.7K,Cinema & Actors/actresses,,1380000
455,iscoalarcon,Isco Alarcon Suarez,25.4M,Spain,175.3K,253.7K,Sports with a ball,,2540000
456,camilo,C A M I L O,27.5M,Argentina,146.1K,231.8K,,,2750000
457,leonardodicaprio,Leonardo DiCaprio,54.7M,United States,94.1K,117.5K,Cinema & Actors/actresses,,5470000
458,jennaortega,Jenna Ortega,8.6M,United States,523.2K,745.3K,Cinema & Actors/actresses,Lifestyle,860000
459,susana.dxoxo,Susane Damouni,13.5M,India,299.2K,482.4K,,,1350000
460,teddysphotos,Ed Sheeran,40.3M,United States,114.2K,155.4K,,,4030000
461,channingtatum,Channing Tatum,17M,United States,254.7K,367.1K,Cinema & Actors/actresses,,1700000
462,vanessahudgens,ğŸ”®Vanessa HudgensğŸ”®,47.1M,United States,80.4K,132K,Cinema & Actors/actresses,,4710000
463,antogriezmann,Antoine Griezmann,36.6M,Spain,105.1K,169.4K,Sports with a ball,,3660000
464,florencepugh,Florence Pugh,7.9M,United States,523.2K,800K,Humor & Fun & Happiness,Cinema & Actors/actresses,790000
465,jessnolimit,Jess No Limit,7.3M,Indonesia,716.3K,858.2K,Shows,,730000
466,vinniehacker,â€ ,5.9M,United States,506.6K,1.1M,Lifestyle,,590000
467,saweetie,,13.1M,United States,201.8K,469.2K,Cinema & Actors/actresses,,1310000
468,adidasfootball,adidas Football,31.7M,Brazil,141.6K,193.1K,Sports with a ball,,3170000
469,i_m_hendery,HiğŸ‘‰ğŸ»im HenderyğŸ‘ˆğŸ»,6.4M,United States,755.2K,978.8K,,,640000
470,loud_victor,Victor Augusto,10.7M,Brazil,449.1K,573.9K,Lifestyle,Sports with a ball,1070000
471,xuminghao_o,The8 ë””ì—ì‡,5.4M,Indonesia,908.9K,1.1M,,,540000
472,polo.capalot,Polo.GğŸ,10.5M,United States,349.3K,574.8K,,,1050000
473,adamweitsman,Adam Weitsman,18.3M,Russia,242.4K,330.8K,Business & Careers,,1830000
474,corinnakopf,corinna kopf,6.8M,United States,586.7K,898.1K,Beauty,,680000
475,romeosantos,Romeo Santos,19.3M,United States,255.5K,316.4K,,,1930000
476,nianaguerrero,Niana,14.2M,Indonesia,335.3K,420.7K,Kids & Toys,,1420000
477,lilpeep,lil peep,7.6M,United States,475.6K,799.9K,,,760000
478,juventus,Juventus,54.8M,India,75.5K,110.5K,Sports with a ball,,5480000
479,vegetta777,â™ˆï¸ Samuel De Luque â™ˆï¸,6.2M,Mexico,715.6K,976.1K,,,620000
480,davikah,davikah,17.1M,Thailand,269.2K,348.7K,Modeling,,1710000
481,vickykaushal09,Vicky Kaushal,14.2M,India,357.8K,419.9K,Lifestyle,Cinema & Actors/actresses,1420000
482,aliiiiiiiikarimi8,Ali Karimi,9.8M,Iran,415.5K,630.7K,Sports with a ball,,980000
483,goar_avetisyan,Goar Avetisyan,11.7M,Russia,370K,512.5K,Beauty,,1170000
484,navidmohammadzadeh,navid mohammadzadeh,8.6M,Iran,495.9K,700.1K,Cinema & Actors/actresses,,860000
485,jokowi,Joko Widodo,48.1M,Indonesia,98.8K,124.7K,Finance & Economics,,4810000
486,pablogavi,GAVI,5.9M,Spain,685.1K,1M,Sports with a ball,,590000
487,djxiao_888,XIAOJUN,7M,Indonesia,685K,856.8K,,,700000
488,fuji_an,Fujianti Utami Putri,11.8M,Indonesia,208.5K,495.9K,Lifestyle,,1180000
489,easportsfifa,EA SPORTS FIFA,27.2M,Spain,127.9K,214.5K,Sports with a ball,,2720000
490,coldplay,Coldplay,17.6M,Brazil,237.8K,331.2K,,,1760000
491,cazzu,â™¡ ğ–“ğ–Šğ–“ğ–† á´›Ê€á´€á´á´˜á´€,10.5M,Argentina,430.8K,552.1K,,,1050000
492,joshu_acoustic,Joshua Hong,5M,India,997.2K,1.2M,,,500000
493,kyo1122,Song hyekyo,13.4M,Indonesia,336.7K,428.7K,Cinema & Actors/actresses,,1340000
494,tiffanyyoungofficial,tiffany young,12.8M,Indonesia,359.6K,449.9K,Modeling,Fashion,1280000
495,dababy,BILLION DOLLAR BABY ğŸ‘¶ğŸ¾,21.3M,United States,166.7K,271.1K,,,2130000
496,yangyang_x2,YangYang á„‹á…£á†¼á„‹á…£á†¼,6.4M,Indonesia,714.5K,907.2K,,,640000
497,jailyneojeda,Jailyne Ojeda Ochoa,14.1M,United States,293.3K,405.7K,Modeling,Lifestyle,1410000
498,obj,Odell Beckham Jr,16.4M,United States,182.6K,347.6K,Sports with a ball,,1640000
499,bernardokath,Kathryn Bernardo ğŸ˜,17.4M,Philippines,270.7K,326.2K,Beauty,Cinema & Actors/actresses,1740000
500,simonemendes,Simone Mendes,35.5M,Brazil,128K,161.5K,,,3550000
501,gisele,Gisele BuÌˆndchen,19.7M,Brazil,194.8K,289.5K,Modeling,Fashion,1970000
502,ana_d_armas,A N A   D E   A R M A S,7.9M,United States,533.3K,721.4K,Cinema & Actors/actresses,,790000
503,nazriyafahadh,Nazriya Nazim Fahadh,6.4M,India,666.1K,892.3K,Lifestyle,Cinema & Actors/actresses,640000
504,rachel_mypark,á„‡á…¡á†¨á„†á…µá†«á„‹á…§á†¼ Minyoung Park,10.3M,Indonesia,433.5K,540K,Cinema & Actors/actresses,,1030000
505,phil.coutinho,Philippe Coutinho,24.9M,Brazil,136.7K,222.1K,Sports with a ball,,2490000
506,nicholasgalitzine,Nicholas Galitzine,4.1M,Brazil,817.7K,1.4M,Cinema & Actors/actresses,,410000
507,sound_of_coups,COUPS,4.5M,Indonesia,986.3K,1.3M,,,450000
508,cocielo,JuÌlio Cocielo Estaniecki,19.2M,Brazil,182.4K,285.6K,Cinema & Actors/actresses,,1920000
509,julesleblanc,julianna,9.8M,United States,392.3K,567.7K,Shows,,980000
510,anjimaxuofficially,Anjali Arora,11.9M,India,363.2K,464.8K,Lifestyle,Cinema & Actors/actresses,1190000
511,kit.connor,Kit Connor,4.5M,United States,734.8K,1.2M,Cinema & Actors/actresses,Humor & Fun & Happiness,450000
512,jackharlow,,6.9M,United States,425.9K,795.1K,Lifestyle,Humor & Fun & Happiness,690000
513,euphoria,euphoria,7.8M,United States,434.3K,700.8K,Photography,Cinema & Actors/actresses,780000
514,lucasranngel,LUCAS RANGEL,20.1M,Brazil,121.4K,268.8K,Lifestyle,,2010000
515,briandadeyanara,BRIANDA ğŸ’–,13.5M,Mexico,337.5K,396.3K,Lifestyle,,1350000
516,daquan,Daquan,16.7M,United States,207.3K,319.7K,Humor & Fun & Happiness,,1670000
517,sommerray,Sommer Ray,26.3M,United States,129.5K,203.2K,Modeling,,2630000
518,theshilpashetty,Shilpa Shetty Kundra,26.5M,India,173.5K,201.6K,Cinema & Actors/actresses,,2650000
519,charlieputh,Charlie Puth,16.7M,United States,222.8K,316.7K,,,1670000
520,golfarahani,Golshifteh Farahani,13.7M,Iran,301.7K,388.9K,Cinema & Actors/actresses,,1370000
521,choquei,CHOQUEI,17.5M,Brazil,97.1K,301.6K,Literature & Journalism,,1750000
522,kingbach,King Bach,23.1M,United States,113.3K,227.2K,Cinema & Actors/actresses,Modeling,2310000
523,dra.deolanebezerra,Deolane Bezerra âš–ï¸,15M,Brazil,163.6K,351.3K,Beauty,Lifestyle,1500000
524,lexibrookerivera,Lexi Rivera,8.5M,United States,512K,640.5K,Shows,Humor & Fun & Happiness,850000
525,yooncy1,ìœ¤ì°¬ì˜ Yoon chanyoung,4.9M,South Korea,904.7K,1.1M,Lifestyle,,490000
526,k.kbeom,á„€á…µá†·á„‡á…¥á†· kimbum,5.4M,Indonesia,798.4K,977.1K,,,540000
527,angelinajolie,Angelina Jolie,13.6M,Brazil,232.4K,384.9K,,,1360000
528,liamhemsworth,Liam Hemsworth,13M,United States,280.9K,398.9K,Cinema & Actors/actresses,,1300000
529,klaythompson,Klay Thompson,13.4M,United States,267.5K,388.8K,Sports with a ball,Lifestyle,1340000
530,caviarmagnat,Anton Tregubov,15.1M,Russia,239.3K,345.9K,Lifestyle,,1510000
531,melissamelmaia,MEL MAIA ğŸ¯,13.5M,Brazil,211.4K,383K,,,1350000
532,soohyun_k216,á„€á…µá†·á„‰á…®á„’á…§á†« Kim Soo Hyun é‡‘ç§€è³¢,13.9M,Indonesia,304.8K,371K,,,1390000
533,yerimiese,Yeri,10.7M,Indonesia,386.7K,478.9K,Lifestyle,,1070000
534,superstar_dewasi99,SUPERSTARDEWASI 99,13.5M,India,241.7K,381.8K,Cinema & Actors/actresses,,1350000
535,d_degeaofficial,David De Gea,13.8M,United Kingdom,264.2K,373.9K,Sports with a ball,,1380000
536,urstrulymahesh,Mahesh Babu,8.8M,India,534.1K,588K,Cinema & Actors/actresses,,880000
537,angeldimariajm,AÌngel Di MariÌa,18.5M,Argentina,186.7K,275.2K,Sports with a ball,,1850000
538,fuckjerry,FUCKJERRY,16.8M,United States,236.6K,306K,Humor & Fun & Happiness,,1680000
539,__youngbae__,TAEYANG,13.6M,Indonesia,331K,373.9K,,,1360000
540,d_a___m_i,KIM DA MI,4.6M,Indonesia,900K,1.1M,,,460000
541,salmahayek,Salma Hayek Pinault,21.6M,United States,189.1K,233.8K,Cinema & Actors/actresses,,2160000
542,lakers,Los Angeles Lakers,20.2M,United States,161.7K,247.9K,Sports with a ball,,2020000
543,actorsuriya,Suriya Sivakumar,5.4M,India,733.8K,952.3K,Cinema & Actors/actresses,,540000
544,yugyeom,KYUM,11.5M,Brazil,364.6K,437.4K,Cinema & Actors/actresses,,1150000
545,dindahw,Dinda Hauw,14.6M,Indonesia,228.7K,342.4K,Cinema & Actors/actresses,,1460000
546,dylansprouse,Dylan Sprouse,9.1M,United States,352.5K,553.4K,Cinema & Actors/actresses,,910000
547,sav.labrant,Savannah Rose LaBrant,7.1M,United States,518.8K,693.9K,Family,Lifestyle,710000
548,riteishd,Riteish Deshmukh,15.3M,India,272.7K,318.6K,Cinema & Actors/actresses,,1530000
549,ozuna,@ozutochi ğŸ”œ,22.5M,Spain,160.7K,215.6K,,,2250000
550,xsqueezie,,7.9M,France,526.4K,615.6K,Lifestyle,,790000
551,emiliamernes,Emilia Mernes,6.2M,Argentina,415K,781K,,,620000
552,nehasharmaofficial,Neha Sharma ğŸ’«,14.8M,India,280.7K,322.5K,Cinema & Actors/actresses,,1480000
553,sommerray,Sommer Ray,26.3M,United States,115.2K,180.9K,Modeling,,2630000
554,srinidhi_shetty,Srinidhi Shetty ğŸŒ¸,4.4M,India,818.6K,1.1M,Beauty,Cinema & Actors/actresses,440000
555,shreyaghoshal,shreyaghoshal,24.8M,India,171.2K,191.2K,,,2480000
556,memezar,MEMEZAR â€¢ Comedy and Culture,23M,United States,137.2K,204.5K,Cinema & Actors/actresses,,2300000
557,chloegmoretz,ChloÃ« Grace Moretz,21.5M,United States,163.2K,218.3K,Cinema & Actors/actresses,,2150000
558,warriors,Golden State Warriors,25.5M,United States,132K,183K,Lifestyle,Sports with a ball,2550000
559,gusttavolima,ğŸ› Gusttavo Lima ğŸ›,44M,Brazil,64.7K,107.2K,,,4400000
560,kun11xd,KUN,6.9M,Indonesia,552.5K,689.6K,Lifestyle,,690000
561,lukehemmings,Luke Hemmings,7.9M,United States,351.7K,599.7K,,,790000
562,juansguarnizo,Juan SebastiÃ¡n Guarnizo,6.3M,Mexico,683.7K,748.7K,Lifestyle,,630000
563,amauryguichon,Amaury Guichon,9.5M,United States,404K,492.3K,Food & Cooking,,950000
564,phoebejtonkin,Phoebe Tonkin,8.4M,United States,388.3K,554.1K,Beauty,Cinema & Actors/actresses,840000
565,nita_shilimkar,Nita Shilimkar,11.5M,India,301.8K,398.6K,Lifestyle,Fashion,1150000
566,gessicakayane,GKAY,20M,Brazil,111.7K,231.2K,Shows,Humor & Fun & Happiness,2000000
567,nessabarrett,ness,7.3M,United States,470.7K,637.9K,Lifestyle,,730000
568,liverpoolfc,Liverpool Football Club,40.3M,United Kingdom,81K,113.1K,Sports with a ball,,4030000
569,dew_jsu,2000,6.3M,Indonesia,544.5K,732.3K,Beauty,Lifestyle,630000
570,itsmarziapie,Marzia Kjellberg,8.3M,United States,450.1K,549.9K,Beauty,Lifestyle,830000
571,lizakoshy,Liza Koshy,20.2M,United States,167K,222.4K,Cinema & Actors/actresses,,2020000
572,hztttao,Z.TAOğŸ”´é»„å­éŸ¬,11.3M,Indonesia,357.9K,398.3K,,,1130000
573,pozevidalouca,Poze Do Rodo ğŸ¤‘,8.2M,Brazil,223.1K,560.8K,Lifestyle,,820000
574,icc,ICC,24.1M,India,153.9K,184.6K,Sports with a ball,,2410000
575,sushitrash,JOJI,6.5M,United States,570.6K,698.1K,,,650000
576,hugogloss,Hugo Gloss,20.3M,Brazil,110.9K,218.7K,Literature & Journalism,Humor & Fun & Happiness,2030000
577,donya,Donya,15.3M,Iran,194.2K,308.6K,Lifestyle,,1530000
578,lilyrose_depp,Lily-Rose Depp,6.7M,United States,421.7K,662.8K,Modeling,,670000
579,sportscenter,SportsCenter,31.8M,United States,76.6K,137.3K,Sports with a ball,Shows,3180000
580,leejen_o_423,LEE JENO,2.2M,,0,2.3M,,,220000
581,asabopp,Asa Butterfield,5.7M,Brazil,521.7K,762.7K,Cinema & Actors/actresses,,570000
582,naileadevora,nai,5.3M,United States,560.6K,828.5K,Lifestyle,,530000
583,actorprabhas,Prabhas,8.8M,India,443.3K,496.3K,Shows,Cinema & Actors/actresses,880000
584,amitabhbachchan,Amitabh Bachchan,31.1M,India,119.6K,138.3K,Cinema & Actors/actresses,,3110000
585,missasinfonia,MissaSinfonia,5.8M,Mexico,667.4K,747.7K,Cinema & Actors/actresses,,580000
586,sandrinna_11,Drinna ğŸ–¤,10.7M,Indonesia,311.1K,396.8K,Lifestyle,,1070000
587,theellenshow,Ellen DeGeneres,125.1M,United States,28.4K,34.2K,Shows,Cinema & Actors/actresses,12510000
588,jeonghaniyoo_n,ìœ¤ì •í•œ,3.6M,Iran,935.4K,1.2M,Lifestyle,,360000
589,memphisdepay,Memphis Depay,15.4M,France,155.7K,277.2K,Sports with a ball,,1540000
590,aishwaryaraibachchan_arb,AishwaryaRaiBachchan,10.4M,India,318.2K,406.6K,Cinema & Actors/actresses,,1040000
591,otabek_muhammadalievich,Otabek Umarov,20M,Russia,157.4K,211.9K,,,2000000
592,pedri,Pedri GonzÃ¡lez,7.1M,Spain,0,598.5K,Sports with a ball,,710000
593,reesewitherspoon,Reese Witherspoon,28.3M,United States,124.4K,149.2K,Cinema & Actors/actresses,,2830000
594,marcusrashford,Marcus Rashford MBE,12.8M,United Kingdom,206.6K,326.9K,Sports with a ball,,1280000
595,matue,,8.1M,Brazil,288.8K,530.6K,Lifestyle,Sports with a ball,810000
596,alexadellanos,Alexa Dellanos,9.8M,United States,276.5K,432.6K,Lifestyle,,980000
597,faz3,Fazza,14.7M,United Arab Emirates,221.1K,289.9K,Lifestyle,,1470000
598,ronaldo,Ronaldo,23.5M,Brazil,103.4K,178.3K,Sports with a ball,,2350000
599,araikgalstyanmoscowschool,ï¼¡ï¼²ï¼¡ï¼©ï¼«  ï¼§ï¼¡ï¼¬ï¼³ï¼´ï¼¹ï¼¡ï¼®Â®ï¸,16.3M,Turkey,197.6K,255.7K,Beauty,,1630000
600,l7nnon,L7,8.8M,Brazil,200.9K,477.2K,Lifestyle,,880000
601,l7nnon,L7,8.8M,Brazil,200.9K,477.2K,Lifestyle,,880000
602,avrillavigne,Avril Lavigne,11.7M,Brazil,284.5K,354.2K,Cinema & Actors/actresses,Fashion,1170000
603,karelyruiz,Karely Ruiz,7M,Mexico,472.4K,593K,Lifestyle,,700000
604,rizkybillar,Muhammad Rizky Billar,12.9M,Indonesia,248.5K,321K,Shows,Beauty,1290000
605,victoriajustice,Victoria Justice,22.9M,United States,131.1K,179.4K,Cinema & Actors/actresses,Modeling,2290000
606,vousmevoyez,KRYSTAL,10.4M,Indonesia,304.7K,395.2K,Cinema & Actors/actresses,,1040000
607,zoeisabellakravitz,ZoeÌˆ Kravitz,8.4M,United States,323.3K,490.4K,Cinema & Actors/actresses,,840000
608,egupta,Esha Gupta,11.6M,India,280.6K,351.3K,Lifestyle,Cinema & Actors/actresses,1160000
609,catherinemcbroom,Catherine Paiz,7.3M,United States,329.5K,565.9K,Family,,730000
610,malutrevejo,MaluÌ ğŸ¦‹ 222ğŸ¤,11.5M,United States,197.2K,353.8K,,,1150000
611,elmarianaa,El Mariana,4.5M,Mexico,809.5K,919.4K,,,450000
612,avengers,Avengers,13.6M,India,238.8K,299.1K,Cinema & Actors/actresses,,1360000
613,skaijackson,S K A I,8M,United States,290.5K,512.7K,Lifestyle,,800000
614,iam_linyi,æˆ‘æ˜¯æ—ä¸€åŒå­¦,4M,Indonesia,781K,1M,,,400000
615,yihyun_1208,á„Œá…©á„‹á…µá„’á…§á†« cho yihyun,5.2M,South Korea,618.9K,783.4K,Lifestyle,,520000
616,nickjonas,Nick Jonas,33.1M,United States,86.1K,122.5K,,,3310000
617,everyone_woo,Wonwoo,3.4M,Indonesia,935.5K,1.2M,,,340000
618,aleoliveiracm,AleÌ‚ Oliveira,8.5M,Brazil,198K,507.9K,Humor & Fun & Happiness,,850000
619,nikkietutorials,NikkieTutorials,16.5M,United States,178K,242.2K,Beauty,,1650000
620,centralcee,ğŸ“²,4.4M,United Kingdom,373.4K,914.7K,Lifestyle,,440000
621,andreavaldirisos,ANDREA VALDIRI ğŸ‡¨ğŸ‡´,8.7M,Colombia,326.9K,465K,Lifestyle,Beauty,870000
622,pledis_boos,ìŠ¹ê´€ SEUNGKWAN,4.5M,Indonesia,732.3K,888.4K,,,450000
623,jenna_chew,JENNA å‘¨ç”„å¨œ,7.9M,United States,414.7K,506.2K,Fitness & Gym,,790000
624,simaria,Simaria Mendes,28.3M,Brazil,96.5K,140.4K,,,2830000
625,romanreigns,Joe Anoai aka â€œRoman Reignsâ€,6.6M,India,471.8K,612.4K,Lifestyle,,660000
626,netflixbrasil,Netflix Brasil,32.6M,Brazil,70.7K,120.8K,Shows,Cinema & Actors/actresses,3260000
627,piawurtzbach,Pia Wurtzbach,13.8M,Philippines,234.5K,282.8K,Beauty,Modeling,1380000
628,soueunavida,Sou Eu Na Vida,18.1M,Brazil,114.5K,218.5K,Humor & Fun & Happiness,,1810000
629,kenzie,kenzie â™¡,14.8M,United States,171.2K,260.5K,,,1480000
630,ozgecangurelofficial,OÌˆzge GuÌˆrel,5.8M,Turkey,553.2K,679.9K,Cinema & Actors/actresses,,580000
631,adinross,,3.6M,United States,607.6K,1.2M,,,360000
632,realcoleworld,Cole World,7.7M,United States,266.4K,506.4K,,,770000
633,mancity,Manchester City,34.3M,United Kingdom,83K,112.1K,Sports with a ball,,3430000
634,perspolis,Persepolis,8.3M,Iran,335.2K,476.4K,Sports with a ball,,830000
635,lacasadepapel,La Casa de Papel,12.6M,Brazil,202.5K,304.4K,Cinema & Actors/actresses,Shows,1260000
636,cvillaloboss,CARMEN VILLALOBOS,20.5M,Colombia,151.4K,186.7K,Shows,Cinema & Actors/actresses,2050000
637,jeromepolin,Jerome Polin Sijabat ã‚·ã‚™ã‚§ãƒ­ãƒ¼ãƒ ,7M,Indonesia,379K,555.5K,Education,Humor & Fun & Happiness,700000
638,sarahhyland,Sarah Hyland,9.9M,United States,310.1K,387.7K,Cinema & Actors/actresses,Lifestyle,990000
639,dejesusoficial,Gabriel Jesus,18.4M,Brazil,132.4K,205K,Sports with a ball,,1840000
640,aliandooo,Aliando Syarief,17.1M,Indonesia,144.1K,229.9K,Cinema & Actors/actresses,,1710000
641,aslisona,Sonakshi Sinha,23.3M,India,134.4K,162.6K,Cinema & Actors/actresses,Lifestyle,2330000
642,playstation,PlayStation,28.9M,United States,107.3K,131.4K,Computers & Gadgets,,2890000
643,drewstarkey,Drew Starkey,3.1M,United States,622.4K,1.2M,Cinema & Actors/actresses,,310000
644,youngdae0302,á„€á…µá†·á„‹á…§á†¼á„ƒá…¢,4.5M,Indonesia,636.2K,839.8K,,,450000
645,sanchooo10,Jadon Sancho,8.9M,United Kingdom,244.6K,427.7K,Sports with a ball,,890000
646,lamborghini,Lamborghini,32.2M,India,83.8K,115.6K,Luxury,Cars & Motorbikes,3220000
647,geewonii,ê¹€ì§€ì›,7.7M,Indonesia,369.8K,486.8K,,,770000
648,taylor_hill,Taylor Hill,20.5M,United States,121K,180.5K,Fashion,Modeling,2050000
649,sooyoungchoi,Sooyoung Choi,7.4M,Indonesia,421.3K,508.5K,Beauty,Lifestyle,740000
650,natashawilona12,Natasha Wilona,39.4M,Indonesia,78.5K,93.7K,Beauty,,3940000
651,chrissyteigen,chrissy teigen,39.1M,United States,72K,94K,Shows,Modeling,3910000
652,francinyehlke,Franciny Ehlke,15.6M,Brazil,107.9K,235.9K,Beauty,,1560000
653,dacremontgomery,Dacre Montgomery,8.8M,United States,314.2K,419.9K,Cinema & Actors/actresses,,880000
654,lizzobeeating,Lizzo,12.9M,United States,204.1K,286K,Lifestyle,Cinema & Actors/actresses,1290000
655,dylanminnette,Dylan Minnette,7.3M,United States,312.1K,507.4K,Cinema & Actors/actresses,,730000
656,nita_shilimkar,Nita Shilimkar,11.5M,India,240.5K,318K,Lifestyle,Fashion,1150000
657,phoebejtonkin,Phoebe Tonkin,8.4M,United States,309.4K,441.6K,Beauty,Cinema & Actors/actresses,840000
658,39saku_chan,Sakura Miyawaki,4.3M,Indonesia,708K,873.1K,Lifestyle,Cinema & Actors/actresses,430000
659,rogerfederer,Roger Federer,9.8M,Spain,294.3K,380.8K,Sports with a ball,,980000
660,geneliad,Genelia Deshmukh,10.4M,India,282.6K,350K,Cinema & Actors/actresses,,1040000
661,dbook,Devin,5.4M,United States,349.4K,687K,Lifestyle,Sports with a ball,540000
662,theslumpgod,Stokeley,5.4M,United States,398.5K,693.5K,,,540000
663,paulwalker,Paul Walker,15.1M,India,175.9K,241.1K,Cinema & Actors/actresses,,1510000
664,iampauloandre,Paulo AndreÌ ğŸ,9.9M,Brazil,135.4K,381.2K,Photography,Lifestyle,990000
665,parishilton,Paris Hilton,20.2M,United States,109.3K,180.6K,Modeling,,2020000
666,maudyayunda,Maudy Ayunda,17.2M,Indonesia,143.2K,211.1K,,,1720000
667,blonded,Frank,3.7M,United States,529.9K,990.1K,,,370000
668,djsnake,djsnake,9.7M,India,318.5K,378.2K,,,970000
669,achrafhakimi,Achraf Hakimi,10.1M,Morocco,244.3K,359K,Sports with a ball,,1010000
670,bleacherreport,Bleacher Report,19.6M,United States,94.3K,186.1K,Sports with a ball,,1960000
671,offsetyrn,OFFSET,19.9M,United States,102.6K,183.9K,,,1990000
672,narins_beauty,â€¢â€¢Narins Beautyâ€¢â€¢,9.3M,Syria,329.8K,405.2K,Lifestyle,,930000
673,kyrieirving,HÃ©lÃ ,17.2M,United States,140.2K,212.1K,Sports with a ball,,1720000
674,myketowers,MICHAEL,9.5M,Spain,216K,389.6K,,,950000
675,burcuozberk,Burcu Ã–zberk,9.3M,Turkey,305.4K,395.5K,Cinema & Actors/actresses,,930000
676,chrismcg,Christopher McGinnis,11.1M,United States,147.2K,324K,,,1110000
677,indiancricketteam,Team India,25.6M,India,119.9K,139.9K,Sports with a ball,,2560000
678,oprah,Oprah,21.5M,United States,143.7K,169.8K,Cinema & Actors/actresses,Shows,2150000
679,machinegunkelly,the Blonde Don,9.7M,United States,233.4K,375.2K,,,970000
680,elliotpage,,6.2M,United States,405.1K,583.1K,Cinema & Actors/actresses,,620000
681,raashiikhanna,Raashii Khanna,8.6M,India,350.6K,417.9K,Cinema & Actors/actresses,,860000
682,beautifuldestinations,BEAUTIFUL DESTINATIONS,24.7M,United States,107.6K,144.3K,Photography,Travel,2470000
683,madisonbaileybabe,Maddie Baby,6.7M,United States,288.9K,541K,Lifestyle,Cinema & Actors/actresses,670000
684,rishabpant,Rishabh Pant,6.9M,India,439.7K,522.3K,Lifestyle,Sports with a ball,690000
685,ho5hi_kwon,HOSHI,3.6M,Indonesia,765.2K,995.2K,Lifestyle,,360000
686,bigsean,BIGSEAN,15.4M,United States,125.4K,228.8K,,,1540000
687,brfootball,Bleacher Report Football,12.6M,United States,172.1K,278.1K,Sports with a ball,,1260000
688,kingryan,Ryan Garcia,9M,United States,261.4K,394.8K,Fitness & Gym,,900000
689,andresiniesta8,Andres Iniesta,40.2M,Spain,60K,87K,Sports with a ball,,4020000
690,alvxaro,ALVARO,9.9M,Brazil,144.6K,362.4K,Lifestyle,,990000
691,willevy,William  Levy / Actor Producer,10.9M,Brazil,242.1K,326.1K,Shows,Cinema & Actors/actresses,1090000
692,pokimanelol,pokimane ğŸ¤,6.2M,United States,436.7K,575.3K,Lifestyle,Shows,620000
693,jamorant,12 ğŸ¥·ğŸ½ğŸ–¤,7.7M,United States,284.6K,459.9K,Winter sports,Sports with a ball,770000
694,amadorat,N I C O L E   A M A D O ğŸ‰,8.3M,Mexico,378.8K,423.3K,Fashion,Lifestyle,830000
695,smriti_mandhana,Smriti Mandhana,6.5M,India,472.1K,547K,Sports with a ball,,650000
696,marinaruybarbosa,Marina Ruy Barbosa,40.9M,Brazil,56.3K,85.9K,Cinema & Actors/actresses,,4090000
697,alishalehmann7,Alisha Lehmann,8.2M,Brazil,227.8K,430.1K,Sports with a ball,,820000
698,bhadbhabie,Bhabie,16.4M,United States,112.4K,210.9K,,,1640000
699,dear.zia,ğ‘“ğ‘Ÿğ‘’ğ‘’ğ‘§ğ‘–ğ‘ .ğŸŒ¼,3.7M,South Korea,839.7K,944.5K,,,370000
700,haifawehbe,Haifa Wehbe,10.5M,Iraq,226.6K,331.8K,,,1050000
701,dkharbour,David Harbour,9.7M,United States,274.5K,359.7K,Cinema & Actors/actresses,,970000
702,eilirjani,Elton ILIRJANI,10.4M,Albania,229.1K,330.8K,Adult content,,1040000
703,agnezmo,AGNEZ MO,29M,Indonesia,71.3K,118.4K,,,2900000
704,staceysolomon,Stacey Solomon,5.4M,United Kingdom,536.2K,645.9K,Family,,540000
705,supercarblondie,Alex - that girl with the Cars,10.8M,India,200.1K,317.1K,Cars & Motorbikes,,1080000
706,arishfakhan138,Sayyed Arishfa Khan ğŸ’,29.4M,India,96.6K,117.3K,Cinema & Actors/actresses,,2940000
707,sebastianyatra,Sebastian Yatra,29.8M,Argentina,82.3K,114.9K,,,2980000
708,yg_treasure_official,TREASURE (íŠ¸ë ˆì €),5.6M,Indonesia,483.4K,618.5K,,,560000
709,karljacobs,Karl Jacobs,4.3M,United States,618.4K,805.4K,,,430000
710,rezagolzar,Mohammad Reza Golzar,12.3M,Iran,197.2K,288K,Cinema & Actors/actresses,,1230000
711,saharghoreyshiofficialpage,Ø³Ø­Ø± Ù‚Ø±ÙŠØ´Ù‰ Sahar Ghoreyshi,11.5M,Iran,203.9K,297.9K,,,1150000
712,f1,FORMULA 1Â®,20.7M,Italy,129.3K,163.5K,Racing Sports,,2070000
713,wos.ds3,ValentiÌn Oliva,6.6M,Argentina,341.4K,522.4K,,,660000
714,dk_is_dokyeom,ë„ê²¸,3.5M,Iran,825.4K,994.2K,Lifestyle,,350000
715,sonambajwa,Sonam Bajwa,8.2M,India,330.2K,422K,Cinema & Actors/actresses,,820000
716,demirose,Demi ğŸŒ¹,19.9M,United States,130.7K,170.4K,Modeling,Lifestyle,1990000
717,21savage,,13.6M,United States,140.2K,246.4K,,,1360000
718,apple,apple,28.1M,India,88.2K,118.8K,Computers & Gadgets,Photography,2810000
719,jxxvvxxk,á„‹á…µá„Œá…¢á„‹á…®á†¨,3.9M,Indonesia,694.3K,872.8K,,,390000
720,umutisler,Umut Ä°ÅŸler,11M,India,188K,302.2K,Food & Cooking,,1100000
721,grantgust,Grant Gustin,7.8M,Brazil,305.4K,432.7K,Cinema & Actors/actresses,Fashion,780000
722,huddy,Chase Hudson,11.6M,United States,206.8K,285K,Lifestyle,,1160000
723,vernonline,Vernon ë²„ë…¼,4.6M,Japan,543.6K,719.1K,,,460000
724,hichasestokes,,7.4M,United States,301.7K,452K,Humor & Fun & Happiness,Lifestyle,740000
725,netflix,Netflix US,31.2M,Brazil,64.1K,105.2K,Cinema & Actors/actresses,Shows,3120000
726,kittychicha,ğŸ–¤KITTY CHICHAğŸ±,4.3M,Philippines,635.9K,771.1K,,,430000
727,ederbez,Eugenio Derbez,18.6M,Mexico,156.3K,175.6K,Cinema & Actors/actresses,Lifestyle,1860000
728,amybethmcnulty,Amybeth,7.8M,Brazil,307.9K,423K,Lifestyle,Cinema & Actors/actresses,780000
729,viihtube,Viih Tube,23.6M,Brazil,73.2K,138.2K,Cinema & Actors/actresses,,2360000
730,juki_lop,JukiLop,9.4M,Mexico,300K,349.1K,Shows,Family,940000
731,espn,ESPN,23.7M,United States,75.4K,137K,Sports with a ball,,2370000
732,simonettalein,Simonetta Lein,12.4M,India,188.8K,260.1K,Beauty,Cinema & Actors/actresses,1240000
733,yasminabdelaziz_,Yasmin Abdelaziz,16.2M,Egypt,169.8K,200.9K,Cinema & Actors/actresses,,1620000
734,miamalkova,Mia Malkova,11.1M,India,215.3K,291.6K,Cinema & Actors/actresses,,1110000
735,adrianalima,Adriana Lima,14.9M,United States,146.4K,215.4K,Modeling,Fashion,1490000
736,shivangijoshi18,à¤¶à¤¿à¤µà¤¾à¤‚à¤—à¥€ à¤œà¥‹à¤¶à¥€,7.4M,India,365.1K,439.5K,Lifestyle,,740000
737,davidluiz23,David Luiz,22.2M,Brazil,65.8K,144.6K,Sports with a ball,,2220000
738,saipallavi.senthamarai,Sai Pallavi,6.1M,India,462.7K,530.8K,Cinema & Actors/actresses,,610000
739,sonamkapoor,Sonam Kapoor Ahuja,33.5M,India,80.6K,95.3K,Fashion,Modeling,3350000
740,adamsandler,Adam Sandler,13.6M,United States,184.7K,235.5K,Cinema & Actors/actresses,,1360000
741,noorstars,Ù†ÙˆØ± Ø³ØªØ§Ø±Ø² | Noor Stars,13.3M,Iraq,180.7K,242.1K,Shows,,1330000
742,jennifer.garner,Jennifer Garner,13.6M,United States,206.4K,233.8K,Cinema & Actors/actresses,,1360000
743,troyesivan,troye sivan,13.4M,United States,164.1K,235.7K,Fashion,Modeling,1340000
744,jaybnow.hr,LIM JAE BEOM,6.9M,United States,353.6K,464K,,,690000
745,litkillah,MAWZğŸ’¬,8.1M,Argentina,298.2K,393K,,,810000
746,schwarzenegger,Arnold Schwarzenegger,22.6M,United States,118.9K,139.8K,Cinema & Actors/actresses,Fitness & Gym,2260000
747,wayvofficial,WayV,7.5M,Indonesia,358.9K,427.4K,,,750000
748,giannis_an34,Giannis Ugo Antetokounmpo,13.3M,United States,147.9K,233.9K,Sports with a ball,,1330000
749,dagelan,Dagelan,21M,Indonesia,89K,151K,Humor & Fun & Happiness,,2100000
750,_abu_saalim_,ABU SAALIM,3M,India,446.5K,1.1M,Photography,Cinema & Actors/actresses,300000
751,pooorblack,Pooorblack,4.9M,Iran,503.5K,652.1K,,,490000
752,trentarnold66,Trent Alexander-Arnold,7.8M,United Kingdom,275.4K,403.3K,Lifestyle,Sports with a ball,780000
753,earthpix,ğŸŒ  EarthPix  ğŸŒ,23.2M,United States,102.8K,133.3K,Nature & landscapes,Photography,2320000
754,maneskinofficial,MaÌŠneskin,6.2M,Italy,356.3K,502.8K,Modeling,Cinema & Actors/actresses,620000
755,nodal,Christian Nodal ğŸ‡²ğŸ‡½ ğŸŒµğŸ’š,9.4M,Mexico,229.1K,336.8K,,,940000
756,ivan_buhaje,spreen,3.1M,Argentina,825.8K,1M,,,310000
757,joshuadun,jÃ¸sh dun,6.2M,United States,415.7K,507.8K,,,620000
758,juliopfernandez,J U L I O   P E Ã‘ A   F. D E Z,3.4M,Brazil,714.9K,909.3K,,,340000
759,sonu_sood,Sonu Sood,17.4M,India,154.7K,177K,Cinema & Actors/actresses,,1740000
760,voguemagazine,Vogue,40.3M,United States,50.5K,76.1K,Literature & Journalism,Fashion,4030000
761,valentinazenere,Valentina Zenere,10.1M,Brazil,248.4K,302.5K,Modeling,Lifestyle,1010000
762,shikhardofficial,Shikhar Dhawan,11.4M,India,234.5K,268.3K,Sports with a ball,,1140000
763,nancyajram,Nancy Ajram,33.3M,Iraq,72.5K,92.7K,,,3330000
764,mclomaofficial,Paloma Santos ğŸŸ,8.3M,Brazil,218.9K,375.2K,,,830000
765,rodwave,RodWave,5.6M,United States,254.6K,566.1K,,,560000
766,yamigautam,Yami Gautam Dhar,16.4M,India,160.2K,186K,Cinema & Actors/actresses,,1640000
767,madonna,Madonna,18.5M,Italy,112.6K,168.1K,,,1850000
768,fcbayern,FC Bayern,34M,Germany,61.1K,89.6K,Sports with a ball,,3400000
769,lacikaysomers,Laci Kay Somers,12.2M,United States,148.5K,254.1K,Modeling,,1220000
770,sincerooficial,Sincero Oficial,21.7M,Brazil,72.4K,140K,Humor & Fun & Happiness,,2170000
771,ewsbdi,ë¡œìš´,4.7M,Indonesia,439.6K,657.1K,,,470000
772,nikefootball,Nike Football (Soccer),45.4M,Brazil,42.8K,66.1K,Sports with a ball,Clothing & Outfits,4540000
773,candiceking,Candice King,10M,Brazil,214.1K,298.4K,Family,Lifestyle,1000000
774,beberexha,Bebe Rexha,10.7M,India,189.3K,279.9K,Lifestyle,,1070000
775,rockstargames,Rockstar Games,23.3M,United States,104.5K,129.6K,Cars & Motorbikes,,2330000
776,onwardwanna,"Javon ""Wanna"" Walton",6M,United States,301.8K,503.8K,Lifestyle,Cinema & Actors/actresses,600000
777,diljitdosanjh,DILJIT DOSANJH,14M,India,176.8K,213K,Cinema & Actors/actresses,,1400000
778,emmaroberts,Emma Roberts,18.3M,United States,110K,162.4K,Cinema & Actors/actresses,,1830000
779,filiperet,RetchÃª,7.7M,Brazil,153.9K,392.8K,Lifestyle,Photography,770000
780,vanessalopesr_,Vanessa Lopes,12.3M,Brazil,73.7K,240.2K,Lifestyle,,1230000
781,harshasai_,Harsha sai,2.7M,India,958.9K,1.1M,Shows,,270000
782,ahmedabohashima,Ahmed Abouhashima,17.3M,Egypt,125.9K,170K,Business & Careers,Finance & Economics,1730000
783,ncentineo,Noah,16.5M,Brazil,106.8K,177.6K,Cinema & Actors/actresses,,1650000
784,galatasaray,Galatasaray,11.6M,Turkey,209.4K,253.5K,Sports with a ball,,1160000
785,yefersoncossio,Yef,9.8M,Colombia,208.9K,305.3K,Lifestyle,,980000
786,arsenal,Arsenal,22.8M,United Kingdom,85.3K,129.1K,Sports with a ball,,2280000
787,borodylia,ĞšÑĞµĞ½Ğ¸Ñ Ğ‘Ğ¾Ñ€Ğ¾Ğ´Ğ¸Ğ½Ğ°,19.1M,Russia,124K,152.9K,Shows,Family,1910000
788,willyrex,Willyrex,8.8M,Spain,284.4K,337.2K,Shows,,880000
789,snoopdogg,snoopdogg,76M,United States,27.3K,38.9K,Lifestyle,,7600000
790,djokernole,Novak Djokovic,11.3M,Serbia,209.8K,258.4K,Sports with a ball,,1130000
791,ishowspeed,IShowSpeed,3.7M,United Kingdom,575.1K,813.8K,Lifestyle,,370000
792,jackblack,Jack Black,8.9M,United States,251.8K,328.8K,Cinema & Actors/actresses,,890000
793,normani,Normani,7.3M,United States,256.8K,401.3K,,,730000
794,courteneycoxofficial,Courteney Cox,12.2M,India,178.9K,236.7K,Cinema & Actors/actresses,,1220000
795,shxxbi131,B.I,4M,Indonesia,620.4K,726.6K,Lifestyle,,400000
796,jaspritb1,jasprit bumrah,9.8M,India,256.6K,294.8K,Lifestyle,Sports with a ball,980000
797,marimaria,Mari Maria,20.2M,Brazil,74.2K,142.9K,Beauty,,2020000
798,t22felton,Tom Felton,11.9M,United States,186.8K,242K,Cinema & Actors/actresses,,1190000
799,jenniferwinget1,Jennifer Winget,13.5M,India,175.3K,213.2K,Cinema & Actors/actresses,,1350000
800,spacex,SpaceX,15.8M,United States,148.7K,180.9K,Science,Machinery & Technologies,1580000
801,virgilvandijk,Virgil van Dijk,12.6M,United Kingdom,159.8K,226.4K,Sports with a ball,,1260000
802,i_nivethathomas,Nivetha Thomas,6.1M,India,412K,466K,Cinema & Actors/actresses,,610000
803,chaelincl,CL,10.3M,Brazil,206.3K,272.9K,Fashion,Modeling,1030000
804,subo_m,Subhan Mamedov,10.1M,Russia,229.5K,281K,Shows,,1010000
805,klarafgcastanho,KlÃ¥ra CÃ¥stanho,7.4M,Brazil,198.7K,385.5K,Cinema & Actors/actresses,,740000
806,miketyson,Mike Tyson,19.2M,United States,114K,146.9K,Fitness & Gym,,1920000
807,streetartglobe,StreetArtGlobe â„¢ ğŸ˜±,16.6M,United States,124.4K,168.9K,,,1660000
808,nabilla,Nabilla Vergara âœ¨,8M,France,258.3K,355.4K,Beauty,,800000
809,hadise,Hadise,13.8M,Turkey,173.6K,202.4K,Shows,,1380000
810,davidalaba,David Alaba,10.6M,Spain,185.3K,262.2K,Sports with a ball,,1060000
811,paollaoliveirareal,Paolla Oliveira,34.8M,Brazil,60.7K,80.3K,Cinema & Actors/actresses,Lifestyle,3480000
812,kawtarbamo,KAWTAR BA-MOHAMED ÙƒÙˆØ«Ø± Ø¨Ø§Ù…Ùˆ,7.5M,Morocco,276K,373.9K,Cinema & Actors/actresses,,750000
813,kaliuchis,,4M,United States,407.1K,702.8K,,,400000
814,sivakarthikeyan,Sivakarthikeyan Doss,5.2M,India,460.6K,542.5K,,,520000
815,lance210,Lance Stewart,6.6M,United States,257K,426.3K,Cinema & Actors/actresses,Humor & Fun & Happiness,660000
816,chieffkeeffsossa,Chief Keef,7.8M,United States,196K,362.5K,,,780000
817,seojuhyun_s,SEOHYUN á„‰á…¥á„’á…§á†«,7.6M,Indonesia,295.7K,370.6K,Cinema & Actors/actresses,,760000
818,actor_jg,ë°°ìš° ì´ì¤€ê¸°,6.5M,Indonesia,372.3K,437.3K,Cinema & Actors/actresses,,650000
819,trueno,TR1 â›ˆ,6.9M,Argentina,261.6K,407.3K,,,690000
820,junhui_moon,JUN æ–‡ä¿Šè¾‰,2.9M,Indonesia,797.7K,978.8K,Lifestyle,,290000
821,asala,Asala,7.2M,Iraq,316.2K,392K,Shows,,720000
822,mohanshakti,Shakti Mohan,16.5M,India,138.3K,166.1K,Cinema & Actors/actresses,,1650000
823,imouniroy,mon,24.5M,India,92.1K,112.2K,Cinema & Actors/actresses,,2450000
824,dominicfike,,3.5M,United States,417.8K,795.1K,,,350000
825,anthonyjoshua,,14.3M,United Kingdom,141.5K,192K,Fitness & Gym,,1430000
826,flay,FLAY ğŸ™,7.7M,Brazil,174.1K,363.5K,Lifestyle,,770000
827,gucci,,49M,United States,42K,55.7K,Accessories & Jewellery,Clothing & Outfits,4900000
828,alexis_officia1,Sanchez Alexis,14.5M,Chile,115.4K,190.5K,Sports with a ball,,1450000
829,sthefanematos,STHE âš“ï¸,10M,Brazil,123.1K,284.3K,Lifestyle,,1000000
830,jessicajane99,Jessica Jane,5.9M,Indonesia,352K,463.9K,Shows,Modeling,590000
831,tohi,ğ“ğğ‡ğˆ,12.1M,Iran,162K,240.7K,Lifestyle,,1210000
832,egorkreed,Ğ•Ğ³Ğ¾Ñ€ ĞšÑ€Ğ¸Ğ´ | #HeartBreakKid,14.7M,Russia,151.1K,185.3K,,,1470000
833,dhanashree9,Dhanashree Verma,5.2M,India,417.2K,525K,Lifestyle,Cinema & Actors/actresses,520000
834,blythe,Andrea Brillantes,13.5M,Philippines,175.4K,199.9K,Cinema & Actors/actresses,Modeling,1350000
835,anastasiya_kvitko,AK,12.4M,United States,179.4K,219.5K,Lifestyle,Modeling,1240000
836,natalee.007,Natalie Lee,7M,United States,308.6K,394.5K,Modeling,,700000
837,fedevalverde,Fede Valverde,6.6M,Spain,293.8K,416.7K,Sports with a ball,,660000
838,canelo,Saul Alvarez,13.5M,Mexico,143.8K,200.2K,Fitness & Gym,,1350000
839,alvaromorata,AÌlvaro Morata,17.9M,Italy,96.7K,149.5K,Sports with a ball,Literature & Journalism,1790000
840,ms_puiyi,Siew Pui Yi ğŸ¤,18.7M,United States,112.3K,143.8K,Adult content,,1870000
841,tamannaahspeaks,Tamannaah Bhatia,17.7M,India,129.4K,151K,Cinema & Actors/actresses,,1770000
842,tiagopzk,GOTTI A,5.4M,Argentina,219.4K,501.1K,,,540000
843,rafakalimann,Rafa Kalimann,23.1M,Brazil,67.3K,121.4K,Modeling,,2310000
844,letthelordbewithyou,Scott Disick,27.5M,United States,64.1K,96.9K,Lifestyle,Family,2750000
845,jimmyfallon,Jimmy Fallon,23M,United States,92.5K,115.8K,Shows,Humor & Fun & Happiness,2300000
846,sofiaalcastro,â™¡sofia castro,8.8M,Colombia,225K,306.4K,Shows,Cinema & Actors/actresses,880000
847,ler_chek,Ğ’Ğ°Ğ»ĞµÑ€Ğ¸Ñ Ğ§ĞµĞºĞ°Ğ»Ğ¸Ğ½Ğ°,10.4M,Russia,197.2K,254.3K,Lifestyle,Beauty,1040000
848,rafaelnadal,Rafa Nadal,16.1M,Spain,131.3K,164.1K,Sports with a ball,,1610000
849,iiqraaziz,IQRA AZIZ HUSSAINğŸ‡µğŸ‡°,8.8M,India,265.6K,302.7K,Beauty,Modeling,880000
850,maitreyiramakrishnan,Maitreyi Ramakrishnan,3.8M,Brazil,485.4K,710.1K,Photography,Cinema & Actors/actresses,380000
851,dhanushkraja,Dhanush,4.9M,India,421.3K,545.2K,Cinema & Actors/actresses,,490000
852,priyankaamohanofficial,Priyanka Mohan,3.5M,India,672.3K,771.5K,Photography,Lifestyle,350000
853,wdohwan,ìš°ë„í™˜,4.5M,Indonesia,446.2K,591.5K,Cinema & Actors/actresses,,450000
854,zo,Lonzo Ball,14.7M,United States,98.9K,178.1K,Sports with a ball,,1470000
855,dukeandduchessofcambridge,Duke and Duchess of Cambridge,13.9M,United States,147.1K,187.9K,Family,Finance & Economics,1390000
856,min.nicha,MINNIE,4.1M,Thailand,468.8K,640.4K,Lifestyle,,410000
857,kingarturo23oficial,Arturo Vidal,18.4M,Italy,87.9K,141.9K,Sports with a ball,,1840000
858,hm_son7,Son HeungMin(ì†í¥ë¯¼)ğŸ‡°ğŸ‡·,7.6M,Brazil,213.1K,346.6K,Sports with a ball,,760000
859,iqbaal.e,Piko - The Forger,13.6M,Indonesia,111.2K,191.1K,Cinema & Actors/actresses,,1360000
860,arcticmonkeys,Arctic Monkeys,4.1M,United States,463.2K,651.5K,,,410000
861,realshadmehr,Shadmehr Aghili,8.1M,Iran,236.4K,329.6K,,,810000
862,laurenlondon,Lauren London,9.8M,United States,157.3K,268.8K,Cinema & Actors/actresses,Modeling,980000
863,kevinho,KEVINHO,28M,Brazil,65.6K,91.8K,,,2800000
864,danialves,Daniel Alves,37.2M,Brazil,44.5K,69.1K,Sports with a ball,,3720000
865,jordynwoods,HEIR JORDYN,12.6M,United States,107.2K,203K,Modeling,Lifestyle,1260000
866,felipeneto,Felipe Neto ğŸ¦‰,16.2M,Brazil,112.5K,159.1K,Lifestyle,,1620000
867,floydmayweather,Floyd Mayweather,28.4M,United States,51.8K,90.8K,Fitness & Gym,,2840000
868,woozi_universefactory,WOOZI,4M,Indonesia,543.6K,646.7K,,,400000
869,sergiroberto,Sergi Roberto,7.6M,Spain,215.1K,339K,Sports with a ball,,760000
870,snejanaonopka15,Snejana Onopka,9.2M,Brazil,216.4K,288.9K,Modeling,,920000
871,larray,larri,6.7M,United States,262.1K,384.5K,Lifestyle,Modeling,670000
872,dorra_zarrouk,DORRA Ø¯Ø±Ø©.,15.9M,Egypt,118.2K,158.8K,Cinema & Actors/actresses,Fashion,1590000
873,keyshiakaoir,Keyshia Ka'oir Davis,7.8M,United States,182.6K,327.3K,Fitness & Gym,,780000
874,bmw,BMW,33.7M,Iran,57.2K,74.7K,Cars & Motorbikes,,3370000
875,cnn,CNN,18.2M,United States,101.1K,139.5K,Shows,Literature & Journalism,1820000
876,guaynaa,Guaynaa ğŸ§¿,6.2M,Mexico,264.6K,408.1K,,,620000
877,jscmila,Jessica Mila Agnesia,22.2M,Indonesia,84.6K,112.4K,Beauty,Modeling,2220000
878,sophiedee,Sophie Dee,12.4M,United States,153.1K,203.8K,Adult content,,1240000
879,jessica.syj,Jessica Jung,10.8M,Indonesia,189.5K,232.4K,Modeling,Beauty,1080000
880,kh1000le,CHENLE ZHONG,1.9M,,0,1.3M,,,190000
881,felicyangelista_,Felicya Angelista,21.7M,Indonesia,83.3K,114.7K,Family,,2170000
882,aycaaysinturan,AycÌ§a AysÌ§in Turan,6M,Turkey,317.9K,424.1K,Cinema & Actors/actresses,,600000
883,mirandacosgrove,Miranda Cosgrove,9.8M,Brazil,163.7K,255.7K,Cinema & Actors/actresses,Lifestyle,980000
884,kareenakapoorkhan,Kareena Kapoor Khan,9.6M,India,210.4K,262.8K,Family,Cinema & Actors/actresses,960000
885,samsmith,Sam Smith,14.6M,United States,115.3K,168.9K,Fashion,,1460000
886,jaydacheaves,JAYDA,7.7M,United States,110.2K,326.6K,Clothing & Outfits,,770000
887,ms.sethii,Shilpa Sethi,6.5M,United States,255.9K,387.2K,Modeling,,650000
888,realhinakhan,HK,17.3M,India,115.1K,141.7K,Cinema & Actors/actresses,,1730000
889,_irishbella_,Irish Bella,21.3M,Indonesia,92.3K,114.5K,Cinema & Actors/actresses,,2130000
890,thiagosilva,Thiago Silva,19.8M,Brazil,73.2K,123.3K,Sports with a ball,,1980000
891,watanabenaomi703,æ¸¡è¾ºç›´ç¾ã€€Naomi watanabe,9.9M,Japan,235.2K,250.5K,Cinema & Actors/actresses,Humor & Fun & Happiness,990000
892,fifaworldcup,FIFA World Cup,29.1M,India,55.7K,84.1K,Sports with a ball,,2910000
893,allusnehareddy,Allu Sneha Reddy,8.4M,India,254.1K,294.6K,Travel,,840000
894,twentyonepilots,twenty one pilots,8.5M,United States,229.1K,291.3K,,,850000
895,soyneiva,Neiva Mara,11.9M,Brazil,153.7K,206.4K,Adult content,,1190000
896,yuzi_chahal23,Yuzvendra Chahal,8.1M,India,249.6K,304K,Lifestyle,Sports with a ball,810000
897,kyliecosmetics,Kylie Cosmetics,26M,United States,65.1K,93.7K,Beauty,Shopping & Retail,2600000
898,theamitbhadana,Amit Bhadana ( à¤…à¤®à¤¿à¤¤ à¤­à¤¡à¤¼à¤¾à¤¨à¤¾ ),8.5M,India,239.1K,294.8K,Shows,,850000
899,ridwankamil,Ridwan Kamil,19M,Indonesia,85.1K,130K,Literature & Journalism,Business & Careers,1900000
900,arashi_5_official,ARASHI,4.4M,Japan,554.2K,580.2K,,,440000
901,bumkeyk,SHINee KEY,9.3M,Indonesia,221.7K,266K,,,930000
902,dearra,De'arra Taylor,6.3M,United States,158.6K,395.6K,,,630000
903,ansufati,Ansu Fati,9M,Spain,180.2K,273.3K,Sports with a ball,Winter sports,900000
904,haniaheheofficial,Hania Aamir å“ˆå°¼äºšÂ·é˜¿ç±³å°”,6M,Pakistan,360.4K,413.2K,Beauty,Lifestyle,600000
905,baifernbah,baifernbah,11.2M,Indonesia,171.1K,216.8K,Lifestyle,,1120000
906,raisa6690,,33.2M,Indonesia,46.8K,73K,,,3320000
907,jacksepticeye,Jacksepticeye,7.9M,United States,268.2K,311.5K,Computers & Gadgets,Machinery & Technologies,790000
908,karolsevillaofc,KAROL SEVILLA,15.1M,Brazil,127.1K,160.7K,Cinema & Actors/actresses,,1510000
909,nidhhiagerwal,Nidhhi Agerwal ğŸŒŸ,25.4M,India,79.2K,94.7K,Cinema & Actors/actresses,Modeling,2540000
910,riyadmahrez26.7,RM26,9.2M,Algeria,206.5K,266K,Sports with a ball,,920000
911,nadin_serovski,Nadin Serovski,9.4M,Russia,189.3K,259.3K,Family,Lifestyle,940000
912,jasonderulo,Jason Derulo,10.4M,United States,162.1K,232.1K,,,1040000
913,veradijkmans,Vera Dijkmans,5.5M,United States,316.9K,445.4K,Adult content,,550000
914,nashgrier,Nash Grier,12.6M,United States,106.3K,189.9K,Lifestyle,Modeling,1260000
915,fadiljaidi,Fadil Jaidi,7.9M,Indonesia,204.2K,306.9K,Lifestyle,,790000
916,farhaddddddd,Farhad Majidi,3.6M,Iran,475.4K,786.5K,Sports with a ball,,360000
917,landonorris,Lando Norris,5.7M,Italy,334.3K,421.2K,Racing Sports,Cars & Motorbikes,570000
918,sabinahidalgo,Sabina Hidalgo,4.8M,Brazil,427.1K,512.5K,Lifestyle,,480000
919,sofia9__official,SOFIA ANSARI,9.1M,India,193.1K,268.8K,Lifestyle,Cinema & Actors/actresses,910000
920,canyaman,Can Yaman,10M,Italy,197.9K,246.2K,Cinema & Actors/actresses,Modeling,1000000
921,kashikakapoor09,Kashika Kapoor,9.6M,Indonesia,236.1K,254.5K,Beauty,Lifestyle,960000
922,ykaaar,Damiano David/MaÌŠneskin,5.2M,Italy,336.7K,462K,Cinema & Actors/actresses,,520000
923,jimena.jimenezr,Jimena,5.9M,Mexico,281.5K,406.5K,,,590000
924,gongyoo_official,ê³µìœ  gongyoo official,3.6M,Indonesia,531.8K,668K,Lifestyle,,360000
925,lilpump,Lil Pump,15M,United States,100.6K,157.5K,,,1500000
926,reynmen,reyn,7.1M,Turkey,264.8K,337.4K,Cinema & Actors/actresses,,710000
927,soycintiacossio,Cintia Cossio,5.7M,Colombia,335.3K,418.7K,Modeling,Adult content,570000
928,pefabiodemelo,FÃ¡bio de Melo,25.7M,Brazil,61K,92.2K,Lifestyle,,2570000
929,urassayas,Urassaya Sperbund,11.9M,Thailand,160.1K,194.9K,Cinema & Actors/actresses,Modeling,1190000
930,ashleygraham,A S H L E Y  G R A H A M,19M,United States,92.7K,122.6K,Modeling,,1900000
931,_chaechae_1,ê¹€ì±„ì› (CHAEWON),2.8M,South Korea,696.8K,838.2K,Lifestyle,,280000
932,maxverstappen1,Max Verstappen,9.1M,United States,195.9K,257.6K,Racing Sports,,910000
933,antony00,Antony Santos,4M,Brazil,322.4K,595.7K,Sports with a ball,,400000
934,gun_atthaphan,ATp,5.6M,Indonesia,349.3K,418.1K,Lifestyle,,560000
935,sinavaliollah,Sina Valiollah,7.3M,Iran,256.2K,323.2K,Shows,,730000
936,moneybaggyo,Certified Speaker,8.4M,United States,119K,283.9K,Lifestyle,,840000
937,hannahelzahed,Hannah El-Zahed,18.1M,Egypt,103.9K,128.5K,Cinema & Actors/actresses,,1810000
938,hasnaink07,Hasnain khan,13.1M,India,143.3K,179.3K,,,1310000
939,cobratate,Emory Andrew Tate III,4.7M,Romania,311K,506.8K,Lifestyle,Racing Sports,470000
940,burnaboygram,Burna Boy,11.4M,Nigeria,110.6K,203.1K,,,1140000
941,eunbining0904,ë°•ì€ë¹ˆ,2.9M,South Korea,690.1K,814.7K,,,290000
942,fortnite,Fortnite,25.7M,United States,76.3K,90.2K,Computers & Gadgets,,2570000
943,armaanmalik,ARMAAN MALIK ğŸ§¿,13.2M,India,151.6K,175.6K,,,1320000
944,julienco_,! Julian,6.4M,Germany,294.1K,362.3K,Lifestyle,Family,640000
945,_hakkencoser_,Hakken å…«çŠ¬,3.7M,United States,511.8K,625.4K,Photography,Modeling,370000
946,juliabarretto,Julia,11.2M,Philippines,159.3K,203.7K,Cinema & Actors/actresses,Lifestyle,1120000
947,bugatti,BUGATTI,16.7M,United States,100.8K,136.4K,Cars & Motorbikes,Luxury,1670000
948,joerogan,Joe Rogan,15.6M,United States,105.5K,147.2K,Humor & Fun & Happiness,Cinema & Actors/actresses,1560000
949,mccabelinho,LITTLE HAIR,5.4M,Brazil,218.9K,431.9K,Lifestyle,,540000
950,strangehuman,nova,4.3M,United States,0,540.1K,Lifestyle,,430000
951,tontawan,à¸•à¸¹ / t u ğŸŒ»(â€¢Ó©â€¢)à·†âƒ›,3.8M,Thailand,459.1K,603.8K,Beauty,Lifestyle,380000
952,danielricciardo,Daniel Ricciardo,7.3M,United States,238.3K,309.4K,Racing Sports,,730000
953,ginaindelicada,Gina Indelicada,11.3M,Brazil,97.3K,199.4K,Humor & Fun & Happiness,,1130000
954,tovinothomas,Tovinoâš¡ï¸Thomas,7M,India,179.1K,321.7K,Cinema & Actors/actresses,,700000
955,timatiofficial,13,18.5M,Russia,91.5K,121.4K,Fitness & Gym,Lifestyle,1850000
956,jayshetty,Jay Shetty,11.6M,United States,152.5K,192.6K,Literature & Journalism,Trainers & Coaches,1160000
957,camilacoelho,CAMILA COELHO,9.9M,Brazil,107K,228.8K,Shows,,990000
958,becaa_barreto,Rebeca ğŸŒ™,9.9M,Brazil,119.8K,228.6K,Lifestyle,,990000
959,prideofgypsies,Jason Momoa,17.1M,United States,101.3K,130K,Cinema & Actors/actresses,,1710000
960,raffinagita1717,Raffi Ahmad and Nagita Slavina,64M,Indonesia,23.8K,34.8K,Shows,,6400000
961,artmodel.one,Ğ®Ğ»ĞµÑ‡ĞºĞ°ğŸ’–Digital Art,7.2M,India,241.6K,313.5K,,,720000
962,brycehall,Bryce Hall,7.2M,United States,242.1K,311K,,,720000
963,silambarasantrofficial,Silambarasan TR,10.2M,India,169.6K,216.6K,Shows,Lifestyle,1020000
964,bowerjamie,á´Šá´€á´Éªá´‡ á´„á´€á´á´˜Ê™á´‡ÊŸÊŸ Ê™á´á´¡á´‡Ê€,5.5M,Italy,302.6K,403.4K,Cinema & Actors/actresses,,550000
965,jordialbaoficial,Jordi Alba,14.6M,Spain,103.9K,150.2K,Sports with a ball,,1460000
966,violets.tv,Violet Summers,13.8M,Italy,118K,162.2K,Adult content,,1380000
967,nameisnani,Nani,5.3M,India,387.2K,418K,Humor & Fun & Happiness,Cinema & Actors/actresses,530000
968,tommyinnit,TommyInnit,3.5M,France,567.8K,640.4K,Shows,Cinema & Actors/actresses,350000
969,porsche,Porsche,26.8M,United States,63.5K,81.2K,Cars & Motorbikes,,2680000
970,lynaritaa,Lyna Perez,9M,United States,186.7K,246.7K,Lifestyle,,900000
971,tarasutaria,TARAğŸ’«,8.1M,India,215.7K,271.7K,Cinema & Actors/actresses,,810000
972,thibautcourtois,Thibaut Courtois,11M,Spain,135.2K,196.3K,Sports with a ball,,1100000
973,rubyrose,Ruby Rose,20.1M,United States,82K,108.3K,Modeling,,2010000
974,joesthetics,Jo Lindner,7.6M,India,190K,289.6K,Fitness & Gym,,760000
975,brfootball,Bleacher Report Football,12.6M,United States,105.7K,170.9K,Sports with a ball,,1260000
976,kaka,KakaÌ,18.8M,Brazil,70.2K,114.7K,Sports with a ball,,1880000
977,therealjosephmorgan,Joseph Morgan,8M,Brazil,219.8K,275.1K,Cinema & Actors/actresses,Lifestyle,800000
978,marioruiz,Mario Ruiz,6.2M,Mexico,224.1K,349.7K,Lifestyle,,620000
979,laurenjauregui,Lauren Jauregui,10.8M,United States,135.9K,200.7K,,,1080000
980,tejasswiprakash,Tejasswi Prakash,6.3M,India,304.4K,376.7K,Fashion,Beauty,630000
981,shahinsamadpoor,Shahin Samad poor Ø´Ø§Ù‡ÛŒÙ† ØµÙ…Ø¯Ù¾ÙˆØ±,4.7M,Iran,360.5K,475.9K,Literature & Journalism,Cinema & Actors/actresses,470000
982,michelle_lewin,Michelle Lewin,15.1M,United States,101.6K,143.4K,Fitness & Gym,,1510000
983,mb459,Mario Balotelli Barwuah ğŸ‡®ğŸ‡¹ğŸ‡¬ğŸ‡­âš½ï¸,10.5M,Turkey,140.7K,206K,Sports with a ball,,1050000
984,bighit_exhibition,2022 BTS EXHIBITION : Proof,5.6M,Indonesia,310.3K,384.6K,,,560000
985,mario_houses,Mario Casas,7M,Spain,210.1K,311K,Modeling,Cinema & Actors/actresses,700000
986,valeyellow46,Valentino Rossi,14.1M,Indonesia,115.6K,151K,Racing Sports,,1410000
987,jeremyrenner,Jeremy Renner,17.9M,United States,99.8K,119.3K,Shows,Cinema & Actors/actresses,1790000
988,leeyoum262,á„‹á…µá„‹á…²á„†á…µ,7.5M,South Korea,235.5K,288.5K,Lifestyle,,750000
989,choquei,CHOQUEI,17.5M,Brazil,39.8K,124.1K,Literature & Journalism,,1750000
990,lalioficial,LALIâ¤ï¸â€ğŸ”¥,11M,Argentina,136K,194.6K,,,1100000
991,naisaalifiayuriza,Naisa Alifia Yuriza,9.9M,Indonesia,194.9K,218.3K,Lifestyle,,990000
992,francety,Francia James,11.4M,India,144.8K,190K,Adult content,,1140000
993,aidanrgallagher,Aidan R Gallagher,7.7M,Mexico,233.2K,280.6K,,,770000
994,leosantana,O GIGANTE,17.9M,Brazil,63.7K,119.5K,,,1790000
995,dhanashree9,Dhanashree Verma,5.2M,India,326.9K,411.3K,Shows,,520000
996,jadethirlwall,jade amelia thirlwall,9.4M,United States,174.2K,228.1K,,,940000
997,ninja,User Not Found,12.9M,United States,127.8K,163.9K,Computers & Gadgets,Machinery & Technologies,1290000
998,myriamfares,Myriam Fares,20.6M,Iraq,75.8K,102.4K,,,2060000
999,optimushwang,í™©ë¯¼í˜„,4.2M,South Korea,426K,508K,Lifestyle,,420000
1000,syifahadjureal,Syifa Hadju,15.5M,Indonesia,110.2K,136.1K,Modeling,,1550000
951,tontawan,à¸•à¸¹ / t u ğŸŒ»(â€¢Ó©â€¢)à·†âƒ›,3.8M,Thailand,459.1K,603.8K,Beauty,Lifestyle,380000
952,danielricciardo,Daniel Ricciardo,7.3M,United States,238.3K,309.4K,Racing Sports,,730000
953,ginaindelicada,Gina Indelicada,11.3M,Brazil,97.3K,199.4K,Humor & Fun & Happiness,,1130000
954,tovinothomas,Tovinoâš¡ï¸Thomas,7M,India,179.1K,321.7K,Cinema & Actors/actresses,,700000
955,timatiofficial,13,18.5M,Russia,91.5K,121.4K,Fitness & Gym,Lifestyle,1850000
956,jayshetty,Jay Shetty,11.6M,United States,152.5K,192.6K,Literature & Journalism,Trainers & Coaches,1160000
957,camilacoelho,CAMILA COELHO,9.9M,Brazil,107K,228.8K,Shows,,990000
958,becaa_barreto,Rebeca ğŸŒ™,9.9M,Brazil,119.8K,228.6K,Lifestyle,,990000
959,prideofgypsies,Jason Momoa,17.1M,United States,101.3K,130K,Cinema & Actors/actresses,,1710000
960,raffinagita1717,Raffi Ahmad and Nagita Slavina,64M,Indonesia,23.8K,34.8K,Shows,,6400000
961,artmodel.one,Ğ®Ğ»ĞµÑ‡ĞºĞ°ğŸ’–Digital Art,7.2M,India,241.6K,313.5K,,,720000
962,brycehall,Bryce Hall,7.2M,United States,242.1K,311K,,,720000
963,silambarasantrofficial,Silambarasan TR,10.2M,India,169.6K,216.6K,Shows,Lifestyle,1020000
964,bowerjamie,á´Šá´€á´Éªá´‡ á´„á´€á´á´˜Ê™á´‡ÊŸÊŸ Ê™á´á´¡á´‡Ê€,5.5M,Italy,302.6K,403.4K,Cinema & Actors/actresses,,550000
965,jordialbaoficial,Jordi Alba,14.6M,Spain,103.9K,150.2K,Sports with a ball,,1460000
966,violets.tv,Violet Summers,13.8M,Italy,118K,162.2K,Adult content,,1380000
967,nameisnani,Nani,5.3M,India,387.2K,418K,Humor & Fun & Happiness,Cinema & Actors/actresses,530000
968,tommyinnit,TommyInnit,3.5M,France,567.8K,640.4K,Shows,Cinema & Actors/actresses,350000
969,porsche,Porsche,26.8M,United States,63.5K,81.2K,Cars & Motorbikes,,2680000
970,lynaritaa,Lyna Perez,9M,United States,186.7K,246.7K,Lifestyle,,900000
971,tarasutaria,TARAğŸ’«,8.1M,India,215.7K,271.7K,Cinema & Actors/actresses,,810000
972,thibautcourtois,Thibaut Courtois,11M,Spain,135.2K,196.3K,Sports with a ball,,1100000
973,rubyrose,Ruby Rose,20.1M,United States,82K,108.3K,Modeling,,2010000
974,joesthetics,Jo Lindner,7.6M,India,190K,289.6K,Fitness & Gym,,760000
975,brfootball,Bleacher Report Football,12.6M,United States,105.7K,170.9K,Sports with a ball,,1260000
976,kaka,KakaÌ,18.8M,Brazil,70.2K,114.7K,Sports with a ball,,1880000
977,therealjosephmorgan,Joseph Morgan,8M,Brazil,219.8K,275.1K,Cinema & Actors/actresses,Lifestyle,800000
978,marioruiz,Mario Ruiz,6.2M,Mexico,224.1K,349.7K,Lifestyle,,620000
979,laurenjauregui,Lauren Jauregui,10.8M,United States,135.9K,200.7K,,,1080000
980,tejasswiprakash,Tejasswi Prakash,6.3M,India,304.4K,376.7K,Fashion,Beauty,630000
981,shahinsamadpoor,Shahin Samad poor Ø´Ø§Ù‡ÛŒÙ† ØµÙ…Ø¯Ù¾ÙˆØ±,4.7M,Iran,360.5K,475.9K,Literature & Journalism,Cinema & Actors/actresses,470000
982,michelle_lewin,Michelle Lewin,15.1M,United States,101.6K,143.4K,Fitness & Gym,,1510000
983,mb459,Mario Balotelli Barwuah ğŸ‡®ğŸ‡¹ğŸ‡¬ğŸ‡­âš½ï¸,10.5M,Turkey,140.7K,206K,Sports with a ball,,1050000
984,bighit_exhibition,2022 BTS EXHIBITION : Proof,5.6M,Indonesia,310.3K,384.6K,,,560000
985,mario_houses,Mario Casas,7M,Spain,210.1K,311K,Modeling,Cinema & Actors/actresses,700000
986,valeyellow46,Valentino Rossi,14.1M,Indonesia,115.6K,151K,Racing Sports,,1410000
987,jeremyrenner,Jeremy Renner,17.9M,United States,99.8K,119.3K,Shows,Cinema & Actors/actresses,1790000
988,leeyoum262,á„‹á…µá„‹á…²á„†á…µ,7.5M,South Korea,235.5K,288.5K,Lifestyle,,750000
989,choquei,CHOQUEI,17.5M,Brazil,39.8K,124.1K,Literature & Journalism,,1750000
990,lalioficial,LALIâ¤ï¸â€ğŸ”¥,11M,Argentina,136K,194.6K,,,1100000
991,naisaalifiayuriza,Naisa Alifia Yuriza,9.9M,Indonesia,194.9K,218.3K,Lifestyle,,990000
992,francety,Francia James,11.4M,India,144.8K,190K,Adult content,,1140000
993,aidanrgallagher,Aidan R Gallagher,7.7M,Mexico,233.2K,280.6K,,,770000
994,leosantana,O GIGANTE,17.9M,Brazil,63.7K,119.5K,,,1790000
995,dhanashree9,Dhanashree Verma,5.2M,India,326.9K,411.3K,Shows,,520000
996,jadethirlwall,jade amelia thirlwall,9.4M,United States,174.2K,228.1K,,,940000
997,ninja,User Not Found,12.9M,United States,127.8K,163.9K,Computers & Gadgets,Machinery & Technologies,1290000
998,myriamfares,Myriam Fares,20.6M,Iraq,75.8K,102.4K,,,2060000
999,optimushwang,í™©ë¯¼í˜„,4.2M,South Korea,426K,508K,Lifestyle,,420000
1000,syifahadjureal,Syifa Hadju,15.5M,Indonesia,110.2K,136.1K,Modeling,,1550000